Price,Size,Bedrooms,Year_built,Age,Lot_size,Bathrooms,Distance_to_city_center,Garage
376000.0,1340,3,2008,18,1384,2.0,6.7669424590336975,0
800000.0,3540,4,2007,19,159430,3.25,36.471207096486445,1
2238888.0,7270,5,2010,16,130017,6.5,32.94646561430208,1
324000.0,998,3,2007,19,904,2.25,9.749889569224075,0
549900.0,3060,5,1979,47,7015,2.75,5.7005398758299926,1
320000.0,2130,3,2003,23,6969,2.5,5.6913891291524585,1
875000.0,2520,4,1921,105,6000,2.0,10.937638446522175,1
265000.0,1940,4,1962,64,9533,1.0,9.208904187458726,0
394950.0,1350,3,2006,20,1250,2.5,3.8415768421951437,0
842500.0,2160,4,1902,124,5298,2.5,7.687280130757894,1
368000.0,1370,3,2007,19,1350,2.5,3.879746921562613,0
1225000.0,5420,4,2001,25,101930,4.5,23.988810739289228,1
885000.0,2830,4,1995,31,5000,2.5,6.725886814698102,1
453246.0,2010,3,2014,12,2287,2.5,1.0,1
927000.0,3300,4,1953,73,12090,2.75,2.2432465024609014,1
490000.0,1230,2,2004,22,1391,2.5,3.591337412277082,0
341000.0,1720,3,1952,74,7119,1.5,3.3853066389967283,1
235000.0,810,1,1941,85,2451,1.0,6.4329419977858215,0
1200000.0,1560,3,1928,98,8078,1.75,3.891527773436367,1
560000.0,2560,3,1986,40,216777,2.0,44.118488895994126,1
900000.0,4700,4,1978,48,38412,3.25,17.079346306764663,0
255000.0,1220,2,1910,116,2500,1.0,4.822671098540393,1
1575000.0,3650,5,1975,51,20150,2.75,9.232584614063773,1
876650.0,2170,3,1928,98,12508,3.25,3.227355441359629,1
540000.0,2540,4,1990,36,228254,2.25,49.01765182642445,0
350000.0,910,2,1906,120,4500,1.0,6.232767769129598,1
750000.0,2980,4,2000,26,4930,2.5,2.533019267733091,1
582000.0,2120,4,1951,75,4650,1.75,7.057094055037016,1
1315000.0,3460,4,2004,22,3997,3.5,3.997483930243585,1
372500.0,2480,5,2004,22,10090,3.0,6.1429187506201695,1
410000.0,2200,3,1987,39,16921,2.25,6.57908016331181,1
360000.0,1730,4,1943,83,5500,2.0,11.656834553526814,1
1015000.0,2920,3,1954,72,34527,2.5,11.864908325786198,1
225000.0,990,3,1966,60,8012,1.0,3.429267213132299,1
647000.0,3040,4,1999,27,6887,2.5,8.845034736309566,0
950000.0,4530,5,2003,23,258746,3.0,50.0,1
185000.0,1370,3,1961,65,8470,1.5,7.320590785014266,0
335000.0,1940,3,2004,22,4927,2.5,1.0,1
210000.0,1040,3,2004,22,2643,2.5,1.5440418533047087,1
522000.0,1800,4,1980,46,8623,2.25,7.31518370760737,0
770000.0,1720,3,1954,72,5000,1.75,8.215399739986232,1
499950.0,980,3,1941,85,6380,1.0,6.790104843569911,0
751000.0,3110,4,2004,22,6142,2.5,5.8814551528352785,0
330000.0,2100,5,2013,13,7715,3.0,5.639688913232134,1
465000.0,2020,3,1956,70,11358,1.5,2.8360340288977177,1
850000.0,2350,4,1961,65,11914,1.75,5.223267374815874,1
947500.0,3290,4,1968,58,12329,2.25,6.083883687120637,1
302000.0,2180,5,1986,40,7813,2.25,9.733966678656747,1
500000.0,1290,2,2007,19,1334,2.25,6.297654868705385,1
201000.0,1460,3,1969,57,9750,1.0,1.6608795339117988,1
265000.0,1290,2,2008,18,2828,1.0,6.537851908184384,0
870300.0,2350,4,1910,116,3150,2.5,4.47475315875105,1
339000.0,1080,3,1955,71,8100,1.0,4.589233999082124,1
690000.0,2670,4,1989,37,13463,2.5,9.527628866522605,1
788000.0,3680,4,2003,23,5759,3.25,9.244798567487852,1
315275.0,1440,3,1951,75,8040,1.75,9.401840357348597,1
505000.0,1940,4,1922,104,4800,1.75,3.4423474303320845,0
368000.0,1280,3,1968,58,9898,1.0,6.051962872446356,1
947500.0,2980,3,1917,109,27144,2.75,11.422590294210691,0
156000.0,970,3,1959,67,8580,1.0,9.642635381367079,0
610000.0,2110,4,1930,96,5000,3.0,4.56247728646413,1
420000.0,1480,2,2009,17,1369,2.5,4.716823070008548,0
192000.0,700,2,1953,73,10540,1.0,3.788995077981916,1
910000.0,2700,3,1962,64,6120,2.0,2.635380127757988,1
1300000.0,2330,4,1918,108,9687,3.25,9.374977467182594,0
1346400.0,3380,5,1963,63,20021,1.75,13.07292008571247,0
840000.0,2600,4,1936,90,2750,2.75,5.333969635258998,1
300000.0,1360,2,1975,51,8100,1.75,9.630598693676072,0
505000.0,2780,4,1978,48,6369,2.5,7.358708075142902,0
110000.0,1250,3,1945,81,53143,1.0,13.693240736184627,0
746000.0,2620,3,1992,34,8950,2.5,7.874186816525242,1
211000.0,1350,3,1941,85,7620,1.5,11.138109699397909,1
675000.0,2400,4,1964,62,3340,3.0,5.5605218826701455,1
734200.0,2760,4,1928,98,5000,2.5,10.693930967442018,0
1225000.0,3070,4,1976,50,16028,2.25,1.0,1
615000.0,2040,2,1919,107,28593,1.75,13.184307513125672,0
630000.0,1770,4,1911,115,6000,2.0,6.461141204714514,1
1264000.0,3490,4,2012,14,9170,3.75,5.936977948602397,1
301500.0,830,2,2005,21,1333,1.5,5.541882329606508,1
369000.0,980,2,2009,17,895,2.5,1.0,0
635000.0,1570,3,2010,16,1433,2.5,4.627584336487464,1
1033888.0,3270,4,2014,12,5187,3.25,7.1087377145352395,1
383000.0,2160,4,2010,16,6223,2.5,10.678282134224549,1
1050000.0,3280,4,2008,18,11000,3.75,5.645189345179058,1
455000.0,3360,4,2001,25,7685,2.5,4.111519191320437,1
819900.0,3150,5,2013,13,7119,2.75,4.918528869246391,1
625000.0,1810,3,2009,17,1846,3.5,8.115406353106223,1
651000.0,2740,4,1993,33,7140,2.5,7.414253328979053,1
480000.0,3830,5,1976,50,35000,4.75,10.410719388698883,1
757000.0,3190,3,2007,19,5283,3.25,7.596402299340068,1
460000.0,2350,3,1977,49,10450,2.25,7.381232648044121,0
267345.0,2510,4,1972,54,8165,2.25,9.538934971598668,0
530000.0,1680,2,2006,20,4950,2.0,3.883840718367943,1
449500.0,1770,3,1954,72,6610,2.0,5.339013560206696,1
289000.0,1090,3,1981,45,7315,1.0,5.286675540603527,0
373000.0,3001,5,2006,20,5710,2.5,1.7514551556036437,1
525000.0,2450,5,1994,32,4591,3.0,6.806560831193728,1
777000.0,3610,3,2003,23,59677,3.25,17.71856581653967,0
550000.0,2250,4,1956,70,7500,2.0,6.515340369927383,1
523000.0,1240,3,1957,69,7735,1.5,5.843238599874559,1
628000.0,2260,4,1958,68,6000,2.0,1.9538877738487574,0
581000.0,2090,4,1963,63,8164,1.75,5.370864031703922,1
245000.0,2020,5,1962,64,7902,1.75,5.552256450419692,1
415000.0,1960,3,1911,115,5000,1.75,3.5931681923351433,1
1895000.0,3120,5,1969,57,16672,2.25,7.850542865001973,1
225000.0,1250,3,1967,59,7500,1.5,7.712152570443616,0
287000.0,1490,3,1987,39,9600,2.25,12.57855770363159,0
799200.0,2890,6,1906,120,2370,3.0,5.997733438495517,0
239950.0,1900,3,1942,84,33888,1.0,12.550251172168293,1
591000.0,1680,3,1922,104,2400,1.75,5.256662252701499,1
700000.0,2030,3,1975,51,8398,2.5,1.0,1
475000.0,3740,4,2004,22,8700,2.5,6.660458373652349,1
575000.0,1580,3,1951,75,11750,1.75,7.530690629823079,1
771000.0,1780,3,1927,99,6120,2.25,13.613726337455859,0
155000.0,910,2,1943,83,6232,1.0,5.669317105656632,0
550000.0,3440,7,1970,56,8100,4.0,7.524642027000837,1
645000.0,1740,3,1975,51,13750,2.5,7.64586469088427,1
464000.0,3400,5,1959,67,8970,2.5,3.2879658871414046,1
1050000.0,4400,4,2003,23,16625,3.25,11.75346844354506,1
350000.0,2010,3,1977,49,14298,2.5,10.115399098060323,0
591000.0,2710,4,1977,49,38180,2.25,15.00909584112914,1
2555000.0,5300,4,1923,103,26211,2.5,7.514037635615784,0
717000.0,1310,3,1956,70,3880,1.5,9.984382932808298,1
225000.0,1950,4,1939,87,12559,1.5,3.306246811623157,1
225000.0,1040,3,1947,79,6535,1.0,8.067571281400811,0
345000.0,1090,3,1968,58,7200,1.75,13.011366877429936,1
230000.0,650,2,1931,95,5360,0.75,3.100391024607935,1
385000.0,1480,3,1943,83,6600,2.0,4.621106811191685,1
90000.0,790,2,1973,53,2640,1.0,5.826954095262924,1
860000.0,3560,4,1986,40,11119,2.5,5.713373037651403,0
675000.0,3000,4,2006,20,5548,2.5,1.4576097068016018,1
975000.0,3490,4,2000,26,7494,2.5,6.704488924418082,0
780000.0,2340,3,1967,59,10495,1.75,3.9120888588216856,1
370000.0,1650,3,1951,75,8254,1.75,8.071577291905545,1
665000.0,1940,3,1944,82,5820,2.0,3.4057272972985904,0
675000.0,3410,5,1968,58,9600,3.0,11.569803215052618,1
620000.0,1710,3,1909,117,4050,1.0,3.4602401229912894,1
1105000.0,2740,4,1905,121,4000,1.5,4.833815451382973,1
450000.0,1250,3,2010,16,892,2.75,7.6189516521090095,1
450000.0,2450,3,1978,48,42180,2.25,9.743407050698135,1
530000.0,1690,3,1958,68,8190,1.75,7.320379803812388,0
635000.0,1950,4,1969,57,13320,1.75,11.585428262847284,1
580000.0,2290,5,1964,62,7125,2.0,1.6025502963163172,1
1550000.0,3370,5,1982,44,17458,3.25,9.045501575596912,0
285000.0,1090,3,1973,53,8640,1.0,7.507648382745271,1
375000.0,1190,3,1953,73,9486,1.0,9.242668615331931,0
1400000.0,3530,5,2001,25,7924,4.25,2.8739478673657537,1
560000.0,1440,3,1910,116,5000,1.0,2.038630160747171,1
405000.0,2180,4,1956,70,13529,1.75,9.271624696850694,0
413000.0,1410,4,1925,101,6000,1.0,7.090954019699558,1
287600.0,1950,3,1990,36,8251,2.5,7.401678551037629,0
1680000.0,4860,5,1989,37,23723,3.25,10.783944628490927,1
225000.0,1660,3,1963,63,7210,1.0,4.401925835264528,1
319000.0,1390,3,1968,58,12823,1.0,8.26136109148301,1
322500.0,1350,3,1989,37,14200,2.0,8.719217419896044,1
570000.0,1530,3,1937,89,5401,2.0,3.9371457459208963,0
465000.0,1270,3,1950,76,5112,1.5,11.61972353343427,1
435000.0,2140,4,2002,24,6355,2.25,7.6924987627353625,0
502000.0,2040,4,2012,14,5616,2.5,2.5492895083920537,0
525000.0,2876,3,2007,19,5086,3.5,7.9868608259014895,1
525000.0,1580,3,2008,18,1161,2.5,2.3081549893180355,1
660000.0,3400,4,2012,14,5196,3.5,8.400453811227356,0
870000.0,3520,4,2006,20,6773,2.5,9.830386737022213,0
650000.0,2210,4,2013,13,4861,2.5,3.5101530449448686,1
505000.0,2790,4,2009,17,5602,2.5,9.010528387732965,1
330000.0,1450,3,2007,19,5008,2.5,7.2399427808094945,1
385000.0,1620,4,1947,79,4980,1.75,8.46218047998347,1
306000.0,1220,3,2007,19,1086,1.5,10.907578947961841,1
546000.0,2000,3,1921,105,5000,1.75,5.263835651991388,0
925000.0,2190,4,1958,68,7350,2.5,4.208791506927531,1
542000.0,1900,4,1955,71,8250,1.75,3.9814567111234305,1
800000.0,1700,3,1906,120,4400,1.0,3.432569145103685,1
620000.0,2540,5,1929,97,3832,2.5,5.535094871757687,1
175000.0,1170,2,1911,115,8925,1.0,7.808455924449932,1
740000.0,5774,5,1984,42,31675,5.0,12.165072397990057,1
345000.0,2120,3,1984,42,15003,2.25,10.482149747108071,1
510000.0,2170,3,1986,40,26460,1.75,10.33100567563372,1
530000.0,2450,4,1974,52,15002,2.75,12.36100223147195,1
155000.0,700,2,1952,74,5200,1.0,5.246029500286132,0
266000.0,1780,3,1986,40,7214,2.5,14.603307499768857,1
257200.0,1850,3,1952,74,8250,2.0,8.527002043295019,1
265000.0,1570,3,1998,28,5706,2.0,3.569727330751152,1
372220.0,1290,3,1951,75,5500,1.0,2.8873225058166625,0
337500.0,1700,5,1956,70,7314,2.0,7.910217245729555,1
582500.0,1159,2,1948,78,4800,1.5,5.289611644022447,0
489200.0,1850,3,1965,61,9600,2.75,9.062001482276276,0
405100.0,840,2,1947,79,3522,1.0,7.124112873720634,0
372977.0,1690,3,2014,12,1618,2.5,5.1051132620293815,1
310000.0,1050,3,1953,73,9876,1.0,4.434818845794785,0
538000.0,1400,3,1904,122,3825,1.75,1.2204583259424053,1
1400000.0,2550,3,1981,45,7200,2.5,5.1004551437989365,1
317000.0,1840,3,2012,14,5011,2.5,8.571396382970416,0
702500.0,2360,3,1926,100,6750,1.5,6.992281232390612,1
565000.0,2240,4,1989,37,14667,2.5,4.196183663864035,0
723000.0,2700,4,2004,22,4004,2.5,6.320342777553545,1
766950.0,3030,3,1992,34,30007,2.5,12.15735213918651,0
682000.0,1830,3,1903,123,5120,1.75,3.372427691396601,1
325000.0,2220,3,1990,36,6049,2.5,6.670975317836583,1
543000.0,2090,3,1962,64,7640,2.5,6.702626155338,1
525000.0,1600,3,1924,102,6120,1.75,2.795089106508131,0
364000.0,2010,4,1957,69,8625,1.75,7.79836208104485,1
394475.0,830,2,1955,71,4000,1.0,7.482353579104704,1
316000.0,2010,4,1995,31,7226,2.5,9.694353729525831,1
339950.0,1050,3,1906,120,5402,1.0,9.241806156104708,1
486000.0,2150,4,1978,48,39449,2.5,8.756791896128728,1
160000.0,860,3,1963,63,11900,1.0,4.566524880254631,1
930000.0,3100,3,1954,72,20553,2.5,10.65570580162598,1
139000.0,1100,3,1978,48,17334,1.0,10.008157852736625,1
562000.0,1830,3,1957,69,8000,1.5,8.145143058918144,1
299000.0,1250,2,1950,76,34395,1.75,23.437194471964162,1
511000.0,1820,3,2005,21,4883,2.5,7.689271532079501,0
499000.0,2090,3,1959,67,42689,2.0,16.9444969205418,1
356000.0,2100,3,1980,46,12384,3.5,10.338805290479607,1
470000.0,2310,4,1991,35,14023,2.5,9.758773753917394,1
715000.0,2060,4,1941,85,5649,2.25,5.183992266078962,0
1120000.0,4470,4,1988,38,60373,2.25,19.3515076614798,0
458000.0,1660,3,1940,86,7500,1.0,4.181524356387285,0
966000.0,3810,5,2008,18,8019,4.5,5.893344179779973,1
305495.0,2110,3,1966,60,10200,1.75,5.58390935651269,1
543000.0,2370,2,1992,34,217800,2.0,48.80562241815897,1
340000.0,1970,3,1997,29,3716,2.25,12.687175700020525,1
633100.0,2470,4,1993,33,33305,2.5,6.059204422224756,1
310000.0,1480,3,1952,74,7830,1.0,8.62478057112354,0
349950.0,2257,5,2005,21,10117,3.0,2.1852523864310456,0
267800.0,700,2,1949,77,6000,1.0,4.784204402631699,0
234000.0,1630,4,1975,51,9010,2.0,10.068851790902098,1
740000.0,3430,4,2000,26,10157,2.5,7.224240057286388,1
607500.0,2220,5,1923,103,6000,1.75,2.9667656662120816,1
223000.0,1340,3,1973,53,7473,1.75,4.348688872220095,1
400000.0,980,2,1918,108,2130,1.0,7.464793246804028,0
802000.0,2580,3,1986,40,13096,2.5,5.42810010484859,1
253000.0,2230,4,2006,20,4541,2.5,6.557575768745925,1
1058000.0,2290,4,1955,71,11137,2.0,7.364115519711441,1
300000.0,1260,3,1946,80,8280,1.0,4.701198957182548,0
625000.0,1680,4,1966,60,11180,2.75,13.667832267975978,0
707000.0,3200,4,2004,22,7081,3.25,8.317957066954033,1
950000.0,3320,4,1995,31,7644,2.5,1.0,0
420000.0,3040,4,1999,27,24123,2.5,10.383962944308283,1
498000.0,2270,4,1973,53,7375,2.75,4.489640605694836,1
450000.0,2910,3,1989,37,17172,2.5,10.991700004388672,0
955000.0,2510,5,1972,54,9887,2.25,4.599837784701898,1
215000.0,1240,2,1967,59,7200,1.0,6.095790675599303,0
437000.0,2580,3,2008,18,5200,2.75,7.554961836941372,1
773000.0,2470,3,2007,19,3600,2.75,8.317265582510364,0
1222500.0,4910,4,2007,19,9444,3.5,3.2879107788326714,1
256883.0,1690,3,2003,23,5025,2.5,5.001496292477155,0
592500.0,2240,4,1983,43,12032,2.5,5.981564066517131,1
252350.0,1650,3,1979,47,7352,2.0,4.510412302278864,0
370000.0,2710,4,1998,28,5880,2.5,11.472362720843291,1
465750.0,1260,3,1959,67,10350,1.5,8.284945132882868,1
185000.0,1150,3,1932,94,8100,1.0,2.8373481369948648,1
582800.0,2550,4,1986,40,7636,2.75,9.280785841164327,1
245000.0,1490,3,1990,36,6930,1.75,12.7524685910379,1
302000.0,2020,4,1963,63,7865,1.75,9.67039578165344,0
451555.0,1320,2,1912,114,4520,1.0,1.3458901021379592,0
250000.0,1230,3,1957,69,10350,1.0,5.617297781401247,0
255000.0,2070,4,1989,37,7800,2.5,10.36073344755987,1
840000.0,2930,4,1947,79,11562,1.75,5.189391603143658,1
190000.0,1090,3,1967,59,8520,1.0,8.035458284438684,1
349950.0,1400,3,1957,69,7066,1.0,8.73710216028801,1
613000.0,1550,4,1909,117,4815,2.0,3.182208585265751,1
300000.0,1220,3,1955,71,13000,1.0,7.4214239318146,1
455000.0,1870,3,1980,46,7344,2.5,1.0,1
335000.0,2150,3,1991,35,30476,2.25,8.02203707599713,1
197500.0,980,3,1903,123,3090,1.0,4.860295545820519,1
412500.0,1490,3,1963,63,8475,1.5,2.951650454105452,1
395300.0,1120,3,1955,71,7000,1.5,11.297233911794907,1
342400.0,1180,3,1986,40,9630,2.25,2.635575866118102,0
749400.0,3240,4,1985,41,20301,2.5,7.740066539909049,0
316500.0,2150,4,1991,35,6807,2.5,6.753621731858273,1
390000.0,2240,3,1996,30,10800,2.5,11.483819867198346,1
225000.0,1400,3,1979,47,7384,2.0,2.1692135464616813,0
550000.0,1980,3,1980,46,40887,2.25,16.66689125646488,0
280000.0,1330,3,1959,67,20562,1.0,9.143099183058762,0
1255000.0,3200,4,2006,20,7535,2.5,3.562474046856147,1
575000.0,1490,2,1946,80,6000,1.0,7.586310422789812,0
1000000.0,3920,5,1990,36,16258,4.25,8.848779086720409,1
585000.0,2000,5,1921,105,3750,1.75,3.949349368523616,1
620000.0,2680,4,1989,37,9185,2.5,7.046406254970057,1
204700.0,1670,4,1967,59,9987,2.0,5.841459209414719,1
695000.0,3150,4,2001,25,9130,3.0,7.166552035753744,1
689900.0,2740,4,2003,23,7266,3.25,8.43959202356314,1
375000.0,1890,4,1960,66,8000,1.75,11.358050448436057,1
475000.0,2870,7,1961,65,29699,3.5,7.226353503519453,1
215000.0,1160,3,1969,57,10384,1.0,13.4759001239688,1
2100000.0,3550,4,1962,64,19865,1.75,3.1167366014324935,1
790000.0,1790,3,1940,86,6117,1.75,5.76804471489325,1
350000.0,1680,3,1940,86,250470,1.75,50.0,1
695000.0,4560,3,1986,40,17622,2.5,9.367375603205097,0
263000.0,1590,3,1991,35,7748,2.25,4.681501440538218,0
400000.0,1630,3,1953,73,10304,1.0,6.436433248928175,1
525000.0,2700,3,1991,35,7434,2.5,5.0077971960235015,1
349950.0,1700,3,1994,32,7496,2.5,4.731105729167366,1
1085000.0,3740,4,1988,38,12080,3.25,9.964806291063073,0
744000.0,1980,4,1941,85,5352,3.0,7.141446457895142,1
312500.0,880,2,1919,107,6345,1.0,4.190271214218038,1
240000.0,1400,3,1948,78,6200,2.0,8.938799626299753,1
495000.0,2050,4,1941,85,4000,2.0,6.7218985626298275,1
580050.0,2360,3,1996,30,4638,2.5,8.36618635651688,0
640000.0,2560,4,1947,79,7798,2.0,8.448486525770836,0
417000.0,1340,3,1956,70,10224,1.5,4.557814967233783,1
174950.0,1060,3,1970,56,5200,1.0,4.359456879409091,1
295000.0,850,3,1986,40,2500,1.5,7.741880815369786,1
423000.0,1880,4,1976,50,7303,1.75,8.291710796300395,1
839000.0,1230,3,1955,71,12305,1.0,7.398295218107556,1
343000.0,2290,4,1960,66,10290,1.75,7.409982149926345,1
467000.0,1660,3,1946,80,6582,1.0,10.149394687365275,1
512500.0,1840,3,1997,29,2875,2.5,3.8002858334925103,1
575000.0,3020,4,1979,47,17810,2.5,10.203292143510113,0
465000.0,1410,3,1924,102,6886,1.75,5.770622042698318,1
270000.0,1010,3,1969,57,9514,1.0,6.249756390318339,0
340000.0,1960,3,1948,78,8136,1.75,9.92353055596157,0
765000.0,3580,5,1999,27,14275,3.75,10.33124904696409,1
497000.0,2240,4,1995,31,7200,2.5,8.880528908001915,1
803100.0,3310,4,2004,22,5404,2.5,9.997236421462986,1
344000.0,1232,3,2007,19,1130,2.5,5.289011524898277,0
828950.0,3930,4,2013,13,5680,3.5,8.181858913884891,1
386380.0,1720,3,2010,16,3600,2.5,4.789199730219631,0
312000.0,1490,3,2009,17,974,2.25,6.167299057465327,1
720000.0,3150,3,2007,19,151588,2.5,34.92717083689695,1
914500.0,3950,4,2013,13,10856,2.5,7.462187894978154,0
819995.0,3030,5,2013,13,10335,2.75,8.85247107631074,1
252700.0,1070,2,1985,41,9643,1.5,4.473937950299582,0
437500.0,2320,3,1992,34,36847,2.5,18.64656182705638,0
350000.0,700,1,1942,84,5100,1.0,3.0019478555008936,0
619000.0,2720,3,2005,21,6439,2.5,2.6452341616368034,0
408200.0,1800,3,1990,36,5761,2.5,9.626532620500203,0
451000.0,1560,3,1926,100,4049,1.75,8.184788081888808,1
317000.0,1760,3,1977,49,11410,2.0,9.154359451156466,0
799000.0,3120,4,2005,21,5000,3.25,7.88503652779284,1
720000.0,2020,2,1947,79,7200,1.0,6.4032596814592555,0
490000.0,1450,3,1900,126,2400,2.0,2.788236885542506,1
239900.0,1860,4,1979,47,7000,2.25,6.627413674581179,1
446000.0,2270,4,1977,49,7800,2.25,4.5285148654636656,0
275000.0,1480,3,1987,39,15639,2.5,11.053159200253255,0
239950.0,1460,5,1941,85,6032,1.0,5.765227855493585,1
248000.0,1850,4,1986,40,6519,3.5,3.827308409622465,1
619500.0,2170,3,2003,23,5000,2.5,5.03584247504102,1
363750.0,1726,3,1982,44,197326,1.75,45.703994362826876,0
385000.0,1180,3,1981,45,10541,1.75,5.417026341588076,0
370000.0,1370,4,1972,54,9957,1.5,4.524738813300706,1
425000.0,2670,3,1988,38,13218,2.5,8.374661634475737,1
342000.0,1260,3,1944,82,6826,1.0,7.100099713326168,1
345000.0,1980,4,1962,64,7991,1.0,5.077370473886611,1
724800.0,2050,3,1926,100,3933,2.0,4.373485083145032,0
725000.0,2830,5,2006,20,5310,2.75,6.758149812072909,1
605000.0,910,2,1909,117,3600,1.0,1.3757469755080276,1
350000.0,2440,4,2009,17,4000,2.5,1.5776086768703346,1
785000.0,2180,3,1904,122,5440,2.0,3.932667336242692,1
250000.0,1900,3,1966,60,6660,2.0,5.691658544864458,0
565000.0,1520,3,2013,13,1221,2.25,6.176922696794014,1
875000.0,2220,3,1947,79,6641,2.0,10.754268650848655,1
862500.0,3280,4,1996,30,24440,2.75,12.460978869606059,1
400000.0,2740,3,1973,53,83199,2.5,21.15998441010972,0
282613.0,830,2,1954,72,6017,1.0,6.146351376291934,0
174500.0,1010,2,1955,71,5200,1.0,3.0324119060865735,0
306500.0,2060,3,1978,48,38377,2.25,12.61986059202283,1
445000.0,1990,3,1984,42,7340,2.25,5.602024083239585,1
433000.0,2280,4,2001,25,7568,2.5,7.481755681014269,1
306000.0,1870,3,2005,21,5874,2.5,3.6931071693430315,0
620000.0,1720,3,1921,105,4000,2.25,7.358039542723517,1
245000.0,870,2,1941,85,6150,1.0,10.828216739007733,0
238000.0,1020,3,2004,22,1204,2.0,4.914519554629427,0
523000.0,1260,3,1931,95,3135,1.5,6.832135166296824,0
522500.0,2370,3,2003,23,7875,2.5,8.645431975133338,1
180000.0,1000,3,1940,86,18513,1.0,7.498938584342492,1
375000.0,1100,3,2007,19,1751,1.5,6.02247744543125,1
249000.0,1440,3,1982,44,7673,2.25,6.572377202345384,0
730100.0,3120,4,2003,23,14300,2.5,8.153028295646495,0
551000.0,2260,2,1990,36,9604,2.0,4.6017706484336,1
375000.0,2790,4,2005,21,7956,2.5,6.664730522776828,1
540000.0,1140,1,1920,106,6700,1.0,7.83399487373635,0
605000.0,1290,3,1987,39,2500,2.25,9.853430823385125,0
205000.0,1730,5,1978,48,5200,1.75,8.91781247825562,1
645000.0,3160,4,1983,43,11380,2.5,13.735547372534668,1
314000.0,2340,4,2003,23,8990,2.5,4.495957311335852,1
330000.0,1170,3,1960,66,4950,1.5,8.606961910162035,1
490000.0,1160,2,1937,89,5000,1.0,6.550026017215055,0
445000.0,1970,3,2010,16,24318,3.0,16.433008799653017,0
2000000.0,6490,5,1991,35,10862,4.25,4.7475051439345455,1
377500.0,1410,3,2005,21,1377,2.25,2.7562344734576723,1
480000.0,2430,4,2009,17,5000,2.5,4.201822063667933,0
804995.0,3360,5,2014,12,5402,1.5,1.0,1
341000.0,1480,3,2012,14,1663,2.5,3.755334934957717,1
675000.0,3200,5,2009,17,6455,2.5,4.013602015338907,1
611000.0,2134,3,2008,18,1984,2.5,5.847981359428623,1
379950.0,1860,3,2007,19,1787,3.25,6.382667927331479,0
1270000.0,5520,4,2008,18,8313,3.0,12.291112517647658,1
500000.0,1310,2,2006,20,1500,2.5,8.15127151455815,1
410000.0,1700,3,1944,82,4250,2.0,4.119289033012791,1
415000.0,2480,3,1986,40,8342,2.5,3.9731559859549264,1
297000.0,1970,5,1994,32,8605,2.5,8.196757514519517,1
575550.0,2060,4,1985,41,7475,2.5,2.534300378938074,1
534640.0,2130,3,1994,32,3500,2.5,11.19437629756306,0
352500.0,1410,3,1987,39,14110,2.25,11.360320362163861,1
488000.0,1360,2,1944,82,4688,2.0,4.530073043685885,1
732000.0,1940,3,1954,72,55756,2.0,11.011796412727367,1
215000.0,1610,2,1979,47,2040,2.25,9.469617122496238,0
592500.0,1420,2,1928,98,9191,2.0,6.494580464242147,1
290000.0,1700,4,1988,38,7280,2.5,10.169448935920386,1
475000.0,1490,2,1929,97,3825,1.0,1.0,0
320000.0,2680,3,1990,36,7757,2.5,4.753274931138682,1
1216000.0,3190,4,1967,59,8684,2.5,6.752531099154549,1
290000.0,2120,5,1962,64,7700,1.5,6.6809417812942264,1
487250.0,1690,4,1901,125,3250,2.0,4.29980358556227,1
339000.0,1830,4,2003,23,8601,2.5,8.588749797042496,1
440000.0,1010,2,1906,120,1968,1.5,2.190738711852217,0
366500.0,2070,4,1945,81,9300,2.75,6.43286154493612,1
462000.0,1710,3,1928,98,4500,1.5,6.260886895135697,1
560000.0,1660,4,1945,81,4690,1.0,7.481316502176247,1
285000.0,2080,4,1955,71,13629,1.75,9.86064463426667,1
280000.0,1270,3,1993,33,9675,2.5,3.561073724486393,1
210000.0,1080,3,1942,84,21043,1.0,4.606257487793133,0
690000.0,1610,3,1940,86,5100,2.0,9.853030465695527,0
256500.0,1120,2,1980,46,9912,1.0,7.9793420359387754,0
411000.0,2500,4,1966,60,5257,2.75,3.8059403903303393,1
215000.0,970,3,1970,56,7275,1.0,11.108455926567569,1
762000.0,3370,5,1907,119,5000,2.0,6.3470239028785755,1
359950.0,1290,3,1960,66,189486,1.0,46.43509155219148,0
480000.0,3370,4,2005,21,435600,3.5,50.0,1
1405000.0,3410,4,2008,18,10769,3.5,13.336043774645962,1
390000.0,2490,4,1999,27,8290,2.5,11.924022527329612,0
413500.0,770,2,1924,102,4000,1.0,5.0531075545627795,0
285000.0,810,1,1982,44,3211,1.5,8.556912852863066,0
475000.0,3060,4,1968,58,10043,2.5,8.944727848755441,1
386591.0,1690,3,2014,12,1613,2.5,9.428494672597045,0
524950.0,1890,3,1974,52,3825,1.75,2.8702296182596863,0
241000.0,1470,2,2005,21,3128,2.0,7.683754379995318,1
461000.0,1060,2,1926,100,7193,1.0,9.613873460548763,0
810000.0,3480,4,1988,38,59242,2.5,11.572181540730655,1
885000.0,2730,4,1921,105,3560,2.75,2.1622244620026745,0
247000.0,1580,3,1986,40,7941,2.25,1.0,1
296500.0,2170,3,1978,48,7900,2.75,5.771779496666326,1
141800.0,930,2,1942,84,4743,1.0,8.101226767387887,1
333000.0,1580,4,1906,120,7800,2.0,11.067071156288085,1
602000.0,3290,5,1973,53,11900,1.75,7.602284341259326,1
565000.0,2110,4,1979,47,10698,2.25,12.025446636713875,1
373000.0,1670,3,1999,27,3565,2.5,1.5726956253553261,1
588000.0,2030,3,1977,49,7350,2.25,1.3598526819345356,0
485000.0,1500,3,1926,100,4100,1.0,5.653356903310144,1
482500.0,1450,3,2005,21,1445,2.25,6.441196346817922,1
251200.0,1310,4,1953,73,8250,1.5,6.5519157557177214,0
869000.0,4180,5,1979,47,49222,3.25,8.64207369988037,1
464000.0,1630,3,1967,59,28600,1.75,10.452639881461634,0
755000.0,2660,4,1993,33,10452,2.5,3.17699149848544,1
280000.0,1720,3,2005,21,1916,2.5,7.392217646490115,0
485000.0,1260,2,2004,22,1240,2.25,6.3477947382905455,1
305000.0,1610,3,1981,45,12247,1.75,4.629760641017934,1
110700.0,680,2,1941,85,8064,1.0,5.071199247989919,0
850000.0,2640,4,1937,89,5900,3.5,3.002359434333145,1
350000.0,1640,3,1985,41,7200,2.25,6.251962708180484,0
319950.0,2310,4,1976,50,8045,1.75,9.474426961503715,1
700000.0,2010,3,1912,114,4905,1.75,3.023821860993369,1
368000.0,1660,2,1908,118,4680,1.5,7.448139546553533,1
433500.0,2200,3,2009,17,3360,2.5,4.081227144882678,0
611000.0,2460,4,1998,28,4200,2.5,3.4613815032129676,1
1000000.0,2430,2,1951,75,23400,1.75,9.358908920136326,1
307000.0,1370,3,1960,66,7500,1.0,3.3942730327418777,1
442500.0,1800,3,1967,59,10200,1.75,5.379052083958454,1
485000.0,2200,3,1908,118,7706,1.75,2.9475663222334543,1
367000.0,700,2,1945,81,2334,1.0,11.360975398749169,0
429000.0,1920,3,1995,31,15124,2.5,8.130590655915185,1
446000.0,2190,5,1978,48,12687,2.75,5.438223476022243,0
572500.0,2030,3,1984,42,9791,2.25,7.600139732202666,1
477000.0,1350,3,2005,21,2053,2.5,5.07361585092751,0
518000.0,1680,3,2008,18,2096,2.5,4.756291201400331,0
462000.0,1250,5,1966,60,10530,1.75,8.948500100130275,1
1190000.0,2240,4,1914,112,6000,3.0,8.472523130141916,0
137000.0,950,3,1954,72,7620,1.0,4.932496557168418,1
530000.0,2320,3,1997,29,3174,3.5,3.9073452780659603,0
818000.0,2380,2,2011,15,9374,2.5,6.049644908545068,0
640000.0,1540,2,2007,19,958,2.25,1.0,1
298450.0,2100,5,2007,19,9752,3.0,2.404826813404343,1
575000.0,2500,4,2013,13,4945,2.5,10.089622802333574,1
730000.0,3230,4,2004,22,7331,2.5,11.40110314050385,1
551000.0,2830,3,2001,25,5802,2.5,5.413291881330865,1
271310.0,870,2,1906,120,5340,1.0,7.797670889167299,1
675000.0,2690,4,1954,72,28300,3.0,11.593750463630608,1
479000.0,1260,3,2008,18,889,2.5,14.414442425365714,0
520000.0,2680,4,1942,84,10000,3.5,10.358724734303731,1
599950.0,2660,3,2014,12,4975,2.5,5.6112472255577,1
483945.0,1480,2,1951,75,5120,1.75,3.1573786781987225,0
390000.0,1770,4,1965,61,33132,2.25,6.807061039227283,1
192500.0,950,2,1926,100,7692,1.0,7.148790907601669,1
330000.0,860,2,1948,78,8308,1.0,4.39254776414709,1
250000.0,1960,4,1978,48,7560,2.0,2.245238871206978,0
243000.0,1770,2,1943,83,5522,1.0,4.1646813472724205,0
575000.0,1280,4,1926,100,6060,1.75,2.9673559891568146,1
639000.0,2150,4,1982,44,12028,2.5,12.467024905217695,1
710000.0,1790,2,1923,103,4000,1.0,8.444919270848352,0
675000.0,1990,3,1987,39,10260,2.25,7.028082076050148,0
405000.0,2430,5,2001,25,4781,2.5,10.396032416670078,1
615000.0,2820,4,1965,61,13193,2.75,7.870704922942855,1
490000.0,1910,3,1946,80,8190,1.0,4.054147396015209,1
467000.0,1270,3,2005,21,1213,2.25,9.811972231808973,1
480000.0,2050,4,1986,40,3960,2.75,7.408730131053976,1
755000.0,2150,6,1952,74,4505,2.0,2.7892615370206304,1
760000.0,2450,4,1987,39,13300,1.75,7.0889839657491756,1
387000.0,1230,2,2012,14,1280,2.25,2.6291452398457285,0
925000.0,2260,4,1967,59,41984,2.25,9.248400807106993,0
415000.0,1050,2,1943,83,60113,1.0,19.801132642594926,1
263000.0,1570,3,1982,44,7775,1.75,12.283249921410391,0
519900.0,1820,4,1967,59,9350,2.0,2.6742972785425767,1
570000.0,1540,2,1908,118,4025,1.75,7.493907710071712,0
450000.0,2060,3,1953,73,44866,1.5,12.021272292634519,0
1300000.0,4380,4,2001,25,74052,3.5,18.34902384870591,1
300000.0,1090,3,1955,71,9900,1.0,5.202818227283393,1
320000.0,1480,3,1965,61,7225,1.75,3.8530276909605523,0
387500.0,1320,4,1929,97,4440,1.0,6.033564883834481,1
458000.0,2140,1,1976,50,10350,2.25,4.577149650766887,0
1212500.0,4560,4,1995,31,16643,3.5,9.139970477339517,0
380000.0,2800,4,2002,24,9764,3.0,6.802085671652589,1
200000.0,1050,3,1967,59,5000,1.0,5.283155859400771,0
385000.0,1490,3,1959,67,9630,1.5,4.203309013875207,1
396675.0,1730,2,1945,81,6375,1.0,4.5446860082950025,1
452000.0,1210,4,1900,126,3760,1.0,8.018173677477268,1
426000.0,2800,4,2004,22,8494,2.5,8.201551562873142,0
792000.0,1570,3,1915,111,1050,1.5,2.2773342656043467,0
315000.0,1400,3,1987,39,31626,2.25,11.623196916287677,0
1275000.0,2850,4,1970,56,7861,2.0,8.826361370115368,1
326000.0,1880,6,1966,60,7200,3.0,1.4317841566358842,1
268500.0,790,2,1953,73,8424,1.0,8.314880577139805,0
440000.0,1300,2,1948,78,4000,1.75,3.8121287231624597,1
300000.0,2120,3,1967,59,7735,1.0,8.258796005779477,1
525000.0,1540,3,1941,85,4773,1.5,3.6648225303724495,1
978000.0,2620,4,1926,100,13777,2.75,2.340753698006443,0
1125000.0,2880,6,1919,107,3192,3.0,1.0,1
700000.0,1680,4,1921,105,4021,1.0,5.948454839984146,1
315000.0,790,2,1955,71,6969,1.0,7.172967505164445,1
309000.0,1092,3,1918,108,7500,1.0,3.7870501246867745,0
219950.0,1650,3,1967,59,9936,1.5,8.902977376332121,1
289000.0,2090,3,2002,24,4700,2.5,1.0,1
210000.0,2180,4,1950,76,28710,1.75,10.54376060405805,1
260000.0,1990,4,1989,37,6671,2.5,2.70115140071263,1
699000.0,2650,4,2006,20,7945,2.5,4.633491676593523,0
1800000.0,4460,4,1962,64,16953,3.5,8.532796013949241,1
299950.0,910,3,1950,76,8000,1.0,4.018759904148142,0
749950.0,2770,3,1992,34,10773,2.5,6.000933367310524,1
1100000.0,2390,3,1939,87,6888,2.0,9.396478427643322,1
555000.0,3050,3,1987,39,158558,2.5,34.980924391430555,1
384000.0,1700,3,2003,23,4000,2.5,8.307076336195426,1
499950.0,3200,5,1989,37,43560,3.5,10.322879436027145,0
430000.0,1200,3,1906,120,4500,1.75,7.489412533745849,1
350000.0,2220,4,1999,27,6953,2.25,10.7153058619737,0
620000.0,2480,3,2004,22,9041,2.5,1.0,0
765000.0,2560,4,1976,50,12100,2.25,5.02931423358857,1
250000.0,2500,4,1961,65,6300,1.5,7.991216381541619,1
376000.0,1150,2,1947,79,4000,1.0,5.190863841871022,0
475000.0,1650,4,1950,76,7775,1.75,7.668437620113926,0
120750.0,1140,3,1969,57,9628,1.75,5.113644439852538,0
1690000.0,3400,3,1957,69,8965,1.75,7.0527693624187,1
330000.0,1180,3,1959,67,43124,1.0,13.157768293823763,0
619500.0,1700,3,1992,34,4105,2.5,9.324346184979422,1
345000.0,1240,3,1954,72,11200,1.5,8.00326252990364,0
598000.0,2890,5,1977,49,12478,2.25,8.508407986225606,0
335000.0,1060,3,1967,59,10050,1.0,5.7743691016325975,1
372500.0,1590,4,1922,104,10523,1.75,5.641781327782519,1
300000.0,2860,6,1978,48,5682,5.25,4.838725436541138,1
194000.0,820,1,2007,19,1060,1.0,6.395356427134891,1
507500.0,2020,3,1963,63,8118,2.0,5.36064655753921,0
325000.0,1870,4,1959,67,9680,2.25,7.805324570689239,1
329900.0,2170,3,2004,22,4905,2.5,12.207202395936317,1
329000.0,1600,4,1947,79,6765,2.5,8.966374110295076,1
494000.0,2090,4,1925,101,4300,1.75,4.881929403496477,0
206000.0,1700,4,1978,48,6025,2.0,9.808641766491835,1
423000.0,1940,4,1941,85,6909,1.75,5.157573880935346,1
259000.0,1320,3,1957,69,8625,1.0,1.0,1
879950.0,3500,4,1938,88,13875,2.25,4.750741067247788,0
345600.0,2800,5,1903,123,5120,3.5,1.0,1
395000.0,1080,3,1920,106,2940,1.5,4.533459547876074,1
625000.0,3550,4,2007,19,8048,2.5,6.664855137568655,1
439000.0,2010,3,2003,23,251341,2.0,50.0,1
380000.0,1690,3,2008,18,1468,1.75,6.274382121292487,1
440000.0,1270,3,2007,19,1443,1.5,4.631298413573407,1
415000.0,1970,3,2008,18,2377,2.25,7.9636167435504674,0
860000.0,3160,4,2014,12,8097,2.75,1.0,1
500000.0,1210,3,2008,18,1200,2.5,5.946843674325698,0
953007.0,3120,4,2008,18,5086,3.5,8.3297955816609,1
515000.0,2670,4,2006,20,8765,2.5,2.3172412626604757,1
772000.0,1640,3,2014,12,1204,2.25,8.672062129620787,0
329995.0,2303,4,2013,13,3680,2.5,6.751489222483242,1
409316.0,1800,3,2014,12,3168,2.5,4.387736258297597,1
490000.0,4460,5,2013,13,2975,3.5,7.493345598318854,1
305000.0,1590,2,2009,17,2656,2.5,12.343278573413187,1
785000.0,3070,4,2009,17,4684,3.5,6.4823987651754855,1
240000.0,1330,2,1993,33,7200,1.75,7.184661758901008,0
325000.0,990,3,1947,79,6750,1.0,4.971917301379268,0
535800.0,1900,4,1994,32,5790,2.5,3.608466891605624,1
720000.0,2020,3,2000,26,1159,2.5,7.722807449632737,0
374000.0,2000,3,1961,65,9416,1.75,4.314948522273399,1
189650.0,1100,2,1980,46,7600,1.75,6.734698711658177,0
420850.0,960,1,1945,81,40946,1.0,11.75622765970465,0
815000.0,3488,4,1998,28,9614,2.75,8.359739477239176,0
1065000.0,1890,2,1987,39,9466,1.75,7.8941863158608445,1
199000.0,2030,4,1950,76,8120,2.0,9.736619832773698,1
195000.0,1380,3,1981,45,7350,1.75,4.939950803435758,0
1506000.0,3660,4,1909,117,5800,3.25,5.350375194119886,1
288400.0,1870,3,1997,29,3230,2.25,2.709708852653078,1
442000.0,2080,4,1979,47,12007,2.25,6.068520219771666,1
619420.0,2450,4,1988,38,14803,2.75,9.092501479134556,1
635000.0,2750,4,1948,78,6180,2.25,8.506965849936055,0
210000.0,1240,3,1916,110,4842,1.0,3.2019040274671235,1
512500.0,1900,3,1990,36,7604,2.5,9.12961776031698,1
567000.0,2540,3,1999,27,6093,2.5,10.285513576414854,0
525000.0,2100,3,1998,28,10362,2.75,8.312704709671102,1
475000.0,1790,4,1909,117,2250,2.0,11.080387437674197,1
250000.0,1170,3,1984,42,7258,2.0,4.1302324026892805,1
220000.0,1060,3,1956,70,9126,1.0,3.0912358900657484,0
230000.0,1930,5,1941,85,6120,2.0,1.0,0
385500.0,1540,3,1961,65,7947,2.0,11.077532934467548,0
895000.0,2876,5,1973,53,13927,3.0,9.748496969062174,1
368250.0,2150,3,1988,38,7484,2.5,6.330045987268635,0
249900.0,1140,2,1947,79,5500,1.0,6.93990587895946,1
350000.0,980,3,1969,57,7790,1.5,3.1815328581048705,1
175000.0,1230,3,1962,64,13056,1.75,14.94845593885048,1
270000.0,1390,3,1957,69,10905,1.75,7.568663545925682,1
495000.0,2380,3,1997,29,6250,3.5,6.578184383814679,1
1580000.0,3690,3,2007,19,7200,3.25,8.617299871696076,1
542500.0,3010,5,1931,95,1074218,3.25,50.0,1
330000.0,1250,3,1969,57,9126,1.0,7.4968520728373935,1
1003000.0,2290,4,1926,100,6120,2.75,3.8525766336640643,1
299800.0,790,2,1925,101,5240,1.0,7.4624050714079875,1
299900.0,2720,3,2002,24,6014,2.5,11.8488734894251,0
691000.0,2550,4,1972,54,8632,2.75,10.762660138464934,1
195000.0,1080,2,1972,54,3899,1.0,10.55935987991819,0
405000.0,2470,3,1962,64,9620,1.75,5.390352970706444,1
360000.0,850,2,1909,117,7710,0.75,3.5731855392242573,1
256750.0,1990,3,1969,57,8991,2.5,6.420839239701055,1
332500.0,1800,3,1995,31,10500,2.25,7.2671747368660835,1
975000.0,4850,5,1977,49,36450,4.0,15.572574555412846,1
218000.0,1020,3,1956,70,7874,1.0,1.4974061108555414,1
429000.0,2420,3,1985,41,49928,2.5,19.57425095838184,1
589000.0,2910,4,1998,28,5776,2.5,5.681176304263031,0
255000.0,1060,3,1973,53,9039,1.5,5.52715679015774,0
668750.0,2340,4,1964,62,6420,2.5,3.2476868742194975,1
344500.0,1800,4,2002,24,5453,2.75,1.1260299844026918,1
452000.0,1660,4,1945,81,6150,2.0,8.699511751885744,1
540000.0,1300,3,1983,43,62290,1.75,17.67795390156521,0
246000.0,1780,3,1953,73,23819,1.5,5.893917300776838,1
535000.0,1030,2,1939,87,4841,1.0,2.082963683809151,0
970000.0,2790,4,1963,63,5420,3.25,5.076645902129615,1
430000.0,1150,3,1906,120,3000,1.0,10.60706457586818,1
520000.0,3290,4,1992,34,11446,2.5,6.510425945909185,1
712000.0,3400,4,2001,25,247421,2.5,49.974771140645686,0
450000.0,1200,2,1940,86,4000,1.0,5.062770807742167,0
220000.0,2160,4,1993,33,8005,2.5,5.782829290756989,1
525000.0,1450,3,1948,78,4000,1.0,1.0,0
1220000.0,3240,4,2008,18,3600,2.5,5.5571154004465635,1
540000.0,1470,3,2007,19,1691,2.0,4.645396409373966,1
600000.0,2360,4,2001,25,5226,2.5,8.133819094440256,1
600000.0,2230,3,1987,39,9053,2.25,12.357468284836035,1
625000.0,2630,4,1986,40,48706,2.5,18.120895088643273,1
150000.0,1010,3,1966,60,25000,1.0,9.193333928335509,0
389999.0,1445,3,2003,23,1471,2.25,1.974622273774989,1
285000.0,2380,3,1935,91,6000,1.75,13.920079409749581,0
744000.0,2830,4,1998,28,13059,2.75,7.789455302043465,1
700000.0,3010,4,1996,30,46173,2.5,14.27638787573884,1
318989.0,2000,4,1978,48,9000,2.25,6.72762473866999,1
556000.0,2020,3,1998,28,3600,2.25,6.314254282303565,1
275000.0,2030,3,1993,33,6326,2.5,5.832118764228173,1
430000.0,2550,3,1994,32,11160,2.75,5.511013979359292,1
300000.0,970,2,1949,77,13700,1.0,6.099423176278824,0
396450.0,1540,3,1967,59,12446,1.75,7.390940189352005,1
225000.0,1396,2,1940,86,111949,1.0,25.759525686598707,0
700000.0,2780,4,2006,20,7875,3.25,4.436462651968507,1
260000.0,2220,6,1977,49,8797,2.0,7.078690683075691,1
655000.0,2350,4,1994,32,13402,3.5,6.915468347737435,1
1185000.0,2760,3,1978,48,40946,2.25,17.701178965748063,0
1550000.0,4460,3,1992,34,26027,2.5,2.252490574820965,0
413800.0,1440,3,2007,19,4421,2.0,9.158720555767385,1
950000.0,5330,5,2006,20,6000,3.75,9.938255577492887,1
334990.0,2220,4,2014,12,4228,2.5,1.0,1
2700000.0,5305,5,2005,21,8401,4.75,5.652137217758954,0
1030000.0,3880,3,2009,17,13095,4.0,6.504677402012625,1
1130000.0,3810,4,2007,19,8519,3.25,2.4812649158465367,1
556000.0,1960,3,2007,19,1168,3.0,2.9001499372273742,1
360000.0,1530,3,2009,17,1131,2.5,1.894472463602514,1
480000.0,3250,4,1983,43,34293,2.25,17.115411330270867,0
324000.0,1750,3,1994,32,7208,2.5,9.248635179442385,1
1050000.0,3440,4,1983,43,35021,3.25,15.818865284982477,1
275000.0,1170,1,1962,64,14149,0.75,9.994816192129706,1
180000.0,870,3,1969,57,5330,1.0,2.678844686348312,0
749000.0,2930,4,1998,28,18199,2.5,7.0662392011606805,0
1600000.0,3160,3,1966,60,12824,2.5,9.032923683683753,0
373500.0,800,2,1918,108,3330,1.0,1.9996165733241642,0
770000.0,2350,4,1987,39,8001,2.5,8.739195290517165,0
356000.0,1060,2,1977,49,16470,1.75,7.573023805525596,1
625000.0,2060,3,1984,42,12558,1.75,6.387137577351207,1
494400.0,1560,2,1904,122,1750,1.75,7.482879904610474,1
585000.0,3000,4,1950,76,42200,1.75,14.77278993445812,0
926300.0,1660,3,1907,119,4800,1.5,4.87710150254276,1
600000.0,1650,3,1908,118,5100,1.75,9.497989410092744,0
430000.0,3220,4,1990,36,8936,3.0,3.5440100172003084,1
307000.0,2320,3,1976,50,7500,1.5,8.34780682083279,1
604700.0,2750,4,1981,45,14982,2.75,9.77570377390515,1
219900.0,910,3,1956,70,6000,1.0,5.271360682058029,1
270000.0,840,2,2005,21,867,1.5,6.151799066726354,1
432000.0,1470,3,2007,19,1578,2.25,1.5622592708440912,1
300000.0,2040,6,1943,83,10812,2.0,9.934481057620703,1
361000.0,1100,3,1922,104,4046,1.0,5.254493590671032,0
249950.0,940,2,1959,67,8532,1.0,5.138230938442882,0
320000.0,1110,3,1978,48,10500,2.0,10.247027677510667,1
305000.0,2200,4,1942,84,8100,1.75,4.506968928371722,1
503000.0,2860,2,1948,78,59612,1.75,12.69701611090932,1
235750.0,740,2,1938,88,11250,1.0,2.580112479428289,0
657000.0,2740,4,1954,72,8520,1.75,8.52202985403692,0
385000.0,1250,3,1956,70,7300,1.0,2.6187119425111507,1
389950.0,3140,4,1991,35,8060,2.5,11.876382545953094,1
150000.0,820,2,1954,72,10270,1.0,1.0,0
254500.0,2570,4,1998,28,7264,2.75,11.542169104870116,1
555000.0,2350,4,1977,49,8140,2.25,7.261052401607856,1
1075000.0,3600,4,1976,50,9200,3.0,6.549860664388823,1
245000.0,1580,4,1967,59,8000,2.0,4.96524273957315,1
319950.0,1070,2,1949,77,5824,1.0,7.362208343056212,1
337000.0,1070,3,1951,75,6109,1.0,6.108895892725455,0
492000.0,1640,4,1907,119,5000,2.0,9.309905646049565,0
1170000.0,2890,3,1987,39,12130,2.75,7.768682945986119,1
348580.0,1220,3,1966,60,7876,1.0,7.026105284385633,0
180000.0,1400,2,1922,104,4500,1.0,4.809163363358433,1
400000.0,1040,3,1942,84,6250,1.0,6.0791631288367975,0
295000.0,980,4,1978,48,10640,2.0,8.051405306676177,1
910000.0,3340,4,1963,63,10890,3.25,2.0474948220301235,0
1150000.0,6040,6,1996,30,219542,4.5,44.86384373368286,1
431500.0,1900,3,2008,18,1612,3.5,7.552192282068145,1
180000.0,1740,4,1962,64,7292,1.5,6.970996314383826,0
677000.0,2000,3,1916,110,3207,2.0,5.089449990941962,0
1180500.0,1610,3,1973,53,7200,1.75,6.495301799196179,0
635700.0,3240,4,1977,49,13978,2.5,8.838345116085014,1
482000.0,2230,5,1978,48,9600,2.25,5.300720959071915,1
168000.0,1160,2,1998,28,2174,2.5,3.099885823793062,0
805000.0,2410,4,1950,76,6000,2.75,6.787535765293045,1
398000.0,590,2,1983,43,10945,1.0,4.253881667154904,0
665000.0,2600,4,1996,30,17388,2.5,9.702358267143413,1
592500.0,2170,4,1968,58,8240,3.0,1.540249187286479,1
940000.0,2080,4,1912,114,4000,2.75,8.887466911976931,1
655000.0,2860,4,1999,27,12394,2.5,8.89659244723913,1
622500.0,2980,4,2000,26,8107,2.5,7.389489202941626,1
380000.0,1230,2,2011,15,987,2.5,8.145472951836542,1
648360.0,2260,4,1947,79,7005,1.75,11.39742333338773,0
432000.0,2200,3,1982,44,14925,2.75,11.02811019505439,1
1050000.0,3030,4,1988,38,12590,2.5,1.9953773060050635,1
353250.0,1060,2,1979,47,1600,1.0,1.481269099792896,1
1000000.0,4260,4,1996,30,18687,3.0,6.862944266912964,1
320000.0,998,3,2007,19,844,2.25,5.2470731506325015,0
349900.0,2052,4,2014,12,3723,2.5,7.297577061407369,1
330000.0,3150,4,2005,21,6202,3.5,4.063168560539603,0
408000.0,1950,3,2006,20,7221,2.25,7.004500293431235,1
321000.0,1347,3,2010,16,1292,2.25,2.9922512029400323,1
1051000.0,3860,4,2007,19,5474,3.75,4.260246591024155,1
2150000.0,5060,4,2008,18,10320,5.5,2.8440167094553335,1
359000.0,1360,3,2008,18,885,1.5,2.4073002616672867,1
300000.0,2760,5,2006,20,6000,2.5,2.1449461831509993,1
380000.0,2420,5,2013,13,4670,3.5,3.006380241068002,1
660000.0,2450,3,2010,16,4332,2.5,9.027325389823519,0
355000.0,1280,3,2005,21,959,2.25,2.343603333504171,1
259000.0,1550,3,2011,15,3569,2.5,13.610946194512174,1
353000.0,550,1,2008,18,1279,1.0,6.7357537026426675,0
430000.0,1520,2,2007,19,1588,2.5,5.872108371084622,1
460000.0,1670,3,1939,87,4005,1.0,3.2259266594563596,0
80000.0,430,1,1912,114,5050,0.75,8.110929638226974,0
782000.0,2380,4,1991,35,9614,2.5,5.1958865212866785,1
218000.0,960,3,1982,44,9633,1.0,7.292629443936085,0
325000.0,1920,3,1952,74,6862,1.0,14.052653614806385,1
980000.0,3680,4,1967,59,5854,3.0,5.8826203008260505,1
902000.0,2530,4,1976,50,9200,2.25,10.287819978857026,1
556000.0,3840,5,1991,35,16905,2.5,6.271470724622338,1
662990.0,1240,3,1926,100,3600,1.75,5.615034528509114,0
225000.0,1300,2,1975,51,11867,1.0,12.68580190690653,0
439950.0,2380,4,2002,24,12067,2.5,5.532498826636698,0
175000.0,1300,2,1958,68,44431,1.0,19.323545673990786,1
306000.0,780,2,1946,80,13500,1.0,9.823255806366426,1
235000.0,1810,4,1970,56,39639,2.5,11.2403996723172,0
399500.0,2420,3,1911,115,12676,1.75,9.432423217166562,1
478000.0,1280,3,1910,116,2580,1.0,8.43366334888019,1
515000.0,1680,2,1941,85,6500,1.0,8.165429886651589,0
550000.0,2510,3,1992,34,5400,2.5,1.3693258403286306,1
149000.0,1700,3,1955,71,8645,1.0,4.547588472525394,1
526000.0,1680,3,1992,34,3420,1.75,4.941444093345486,0
527550.0,820,1,1999,27,59677,0.75,16.712099712699864,0
1050000.0,4380,3,1983,43,42769,4.0,15.415816292652035,1
625000.0,2600,3,1984,42,10092,2.5,7.551503002799762,1
950000.0,3400,5,1999,27,7452,3.25,2.484366923869696,1
377691.0,2120,5,1942,84,8399,1.75,7.82039355301789,0
648475.0,2250,4,1951,75,5700,2.75,7.971757235851469,1
383000.0,1800,3,1942,84,5612,1.0,7.801771343793119,0
535000.0,2210,3,1994,32,7620,2.5,9.766342176663866,1
449950.0,1560,3,1923,103,4080,2.0,8.317766463646713,1
465425.0,2430,4,1967,59,20720,2.75,10.52154023768531,1
675000.0,2560,4,1987,39,36601,2.5,12.109702865624058,0
599000.0,1960,3,1926,100,2500,2.75,1.0,1
416000.0,1110,3,1963,63,9762,1.5,8.241254657397757,0
595000.0,1030,2,1924,102,4500,1.5,6.523063061489334,1
200000.0,1350,4,1966,60,11507,1.0,8.11613651158612,1
402000.0,1540,3,2005,21,1827,2.0,1.5351542725390717,0
433000.0,1830,4,1966,60,9600,1.75,3.676830378775213,1
275000.0,1930,4,1979,47,15531,1.5,11.265658559998709,0
410000.0,1650,3,1983,43,9641,2.0,6.809534538430035,1
554820.0,3510,4,1965,61,12905,2.0,9.625502092117873,1
1325000.0,3370,4,1988,38,7920,3.0,6.668955128391383,1
735000.0,2390,3,1984,42,9157,2.5,6.920668418487236,1
607000.0,1230,3,1951,75,8114,1.0,9.437651417927993,0
549900.0,2830,4,1987,39,213879,3.0,46.227665815347876,0
258000.0,1620,3,1988,38,7540,1.75,6.79636233082295,1
661254.0,2290,4,1940,86,6250,4.0,4.863174133884873,1
945000.0,2840,4,1952,74,13367,2.0,6.369911317703053,0
799950.0,4220,4,1993,33,196817,3.5,43.43588362959408,0
132500.0,1080,3,1967,59,10500,1.0,7.766401314901138,1
467100.0,1620,3,1973,53,8645,1.75,5.292754135009568,0
1610000.0,4390,4,1990,36,11600,3.5,11.087268376720562,1
641000.0,1620,3,1926,100,3975,1.75,3.111178093341488,1
350000.0,1010,3,1947,79,11244,1.0,6.688185067515923,0
335000.0,1750,4,1983,43,8476,2.5,5.376006825177475,1
900000.0,4080,3,2000,26,217697,3.5,50.0,1
440000.0,2560,4,1965,61,10400,2.5,7.669664329534724,1
464600.0,1120,3,1925,101,5500,1.75,9.195533618405904,0
1200000.0,4740,4,2003,23,172497,3.5,35.04271888088908,0
300000.0,1340,2,1947,79,7788,1.0,7.358750797607776,1
670500.0,1590,4,1951,75,6750,2.0,9.018892386870311,1
552000.0,1430,3,1919,107,5000,1.0,6.246851967826273,1
244000.0,1450,4,1943,83,8960,1.0,9.988441125196054,1
788600.0,3500,4,2005,21,7200,2.75,4.888134649698883,1
445000.0,1630,3,1987,39,8702,2.0,10.96844232055674,0
530000.0,1814,4,1951,75,5000,1.75,12.896694370857752,1
90000.0,580,2,1943,83,7500,1.0,5.411484318681023,1
585000.0,1670,3,1931,95,4572,2.0,4.5778924357976845,1
498000.0,1140,2,1924,102,8282,2.0,11.016553431353103,1
379000.0,800,2,1940,86,6380,1.0,11.014716437192137,0
462000.0,1300,3,1919,107,2580,1.75,3.947419918540195,1
388000.0,2440,4,1993,33,7155,2.5,5.170439548712428,1
255000.0,1490,3,1984,42,8371,2.0,5.828846173418478,1
665000.0,1800,3,1966,60,9550,2.75,2.8766484668971692,1
550000.0,1830,3,1959,67,9152,2.0,4.074444160547405,1
606000.0,1500,3,1947,79,3920,1.0,2.771577699743796,1
334000.0,2210,4,1965,61,6080,2.5,3.912607304687615,1
360000.0,1270,3,2006,20,1323,2.0,5.160545337839656,1
235000.0,1140,2,2007,19,1730,1.0,6.048644197609562,1
580000.0,1620,3,2008,18,1173,2.5,9.886101478442232,1
355000.0,1220,3,2007,19,1186,2.0,2.2421378777836267,0
375000.0,750,2,2006,20,1430,2.5,8.238967195429751,1
372000.0,1960,4,1979,47,9300,1.75,6.218033467323473,1
479000.0,1370,3,1924,102,3000,1.0,5.4516088710427,1
2000000.0,4580,5,2004,22,4443,4.0,7.9130584764998115,1
1680000.0,5584,4,1998,28,68257,4.25,15.283233935313106,1
501000.0,1010,2,1924,102,4320,1.0,7.0112292385521515,1
245000.0,1260,3,1994,32,6908,1.75,6.880956624639168,0
496700.0,1740,3,1989,37,5782,2.5,7.6337537920244465,1
347000.0,2670,4,1996,30,10026,1.5,7.872705931723455,1
199000.0,720,2,1943,83,7200,1.0,13.805900419732682,0
440500.0,2460,3,2007,19,4399,2.5,3.9665800472460524,1
820000.0,3670,4,2005,21,7000,2.5,4.807009134994548,1
325000.0,2630,4,1984,42,3435,3.5,3.8175784207257073,1
195000.0,1570,3,1991,35,8459,1.75,5.025368642519236,0
675000.0,2980,3,1981,45,28000,3.0,8.687838618080447,1
295000.0,1560,3,2003,23,4200,2.5,9.407049593322656,0
355300.0,1620,3,1955,71,7410,2.5,10.743512743969564,1
276000.0,1140,3,1960,66,5000,1.0,4.287761118751571,0
460000.0,2730,2,1976,50,19877,1.5,6.478333280687314,1
880000.0,2130,3,1989,37,35169,2.0,13.448046669159211,0
370000.0,1780,3,2001,25,4050,2.5,4.153330867157087,1
346000.0,2100,4,2009,17,3916,2.5,7.681995453266532,0
172500.0,1140,3,1972,54,8800,1.0,7.368769062553898,1
379950.0,1690,3,1956,70,9144,1.5,2.2815676550083044,1
468000.0,1160,2,1942,84,6000,1.0,10.842515603990186,1
477000.0,1720,4,1978,48,6270,2.75,11.641633019286566,1
529000.0,1210,3,1924,102,3328,1.0,3.827233928546841,1
312000.0,1255,3,2004,22,1374,1.5,4.111695320192047,0
326100.0,880,2,1942,84,7683,1.0,7.3941961721747145,0
360000.0,1050,3,1954,72,9206,1.0,7.844570369961074,1
438000.0,1650,3,1961,65,12940,1.75,9.56363281801849,0
360000.0,1570,3,1954,72,9467,1.0,12.92401361629905,1
1050000.0,2920,4,1921,105,7200,2.5,5.909158317517852,1
688000.0,3000,4,1913,113,4000,3.0,3.4051082663846386,1
585000.0,1850,3,1983,43,7735,1.75,2.409042315956418,0
265000.0,1440,3,1983,43,7741,2.5,4.355409880174243,0
375000.0,1440,3,1973,53,8775,1.75,6.6556190813786085,1
326500.0,1810,3,1970,56,12375,1.0,12.858673590553362,0
160000.0,1180,2,1918,108,9350,1.0,5.317166102891486,1
1570000.0,3070,4,1927,99,5850,3.75,6.841363854916695,1
735000.0,3390,5,2004,22,5211,2.75,5.992931311781744,1
400000.0,1470,2,1940,86,6120,1.0,9.789179820344252,0
800000.0,2680,4,1952,74,7200,2.5,14.020797277620865,0
949880.0,2290,4,1978,48,10687,2.25,5.544793681239037,0
405000.0,1980,3,1949,77,8100,1.75,5.151681672445333,1
399000.0,2870,4,1979,47,9292,2.5,9.990882631207215,1
730001.0,1840,3,1951,75,4750,2.0,7.995674468878935,1
1795000.0,4060,4,2000,26,13000,3.25,13.1401219772081,1
260000.0,1630,3,2003,23,8018,2.0,8.355384555977892,1
751750.0,1880,2,1902,124,5400,2.0,5.002123727638821,0
325000.0,1780,3,1983,43,13095,1.75,9.390964492076927,1
344950.0,2330,4,1941,85,6250,2.0,9.576110741748723,1
457500.0,1840,3,1925,101,4030,1.75,8.267446543592092,1
389000.0,2330,5,1962,64,10750,2.0,8.671822093321893,1
515000.0,3200,4,2005,21,6473,2.5,9.494624068767461,1
732000.0,2330,3,2004,22,1987,2.5,8.905286771337018,0
415000.0,1950,3,1964,62,8868,2.25,10.920076973112582,1
1655000.0,3080,4,1937,89,4815,3.5,7.909129662768928,0
535000.0,1040,2,1951,75,5527,1.0,5.604045759049437,1
540000.0,1960,4,1940,86,3565,4.25,6.153141059299968,1
525000.0,2750,5,1926,100,3800,3.0,9.37952689952507,1
570000.0,1930,3,1977,49,36210,1.75,9.791192987038293,0
569950.0,4850,5,2001,25,40902,4.5,14.286419926618704,1
283200.0,1982,4,2004,22,6406,2.5,5.101183563017918,1
1100000.0,2640,3,1926,100,4050,2.75,5.896234468804453,1
830000.0,1850,4,1978,48,50662,2.5,18.967755587821898,1
495000.0,1940,4,1956,70,9144,2.25,7.40209720405971,1
292050.0,2840,5,2003,23,7199,3.0,6.5791096444684465,0
415000.0,1900,5,1961,65,10226,1.5,2.9656315770602415,1
295832.0,1410,5,1955,71,6400,1.0,8.518760698081662,1
450000.0,2520,4,1999,27,8515,2.5,8.639452543423227,1
1381000.0,3160,4,1997,29,9525,3.75,13.394764169916382,1
857000.0,3720,4,1991,35,29043,3.0,9.885265295140998,1
499950.0,1820,3,2014,12,1501,3.5,5.957650982991817,1
465000.0,1560,3,1967,59,8640,2.0,7.476151051132265,0
329000.0,1600,3,1964,62,5952,1.0,10.922759839290423,0
475000.0,1230,3,1984,42,11502,2.0,7.014513402839143,1
255000.0,960,3,1955,71,8100,1.0,7.457064577311018,0
435000.0,1270,3,1928,98,4000,1.0,7.623689529149617,1
685000.0,2810,3,2001,25,7700,2.5,7.099827369469074,1
715000.0,2160,2,2002,24,5581,2.5,4.776899156348415,1
780000.0,2520,3,1925,101,2152,3.0,6.012669978694922,1
345000.0,1180,2,2005,21,844,1.5,8.389695249579315,1
355000.0,1810,4,2003,23,4970,2.25,2.914454101766819,1
282000.0,1680,3,1994,32,15711,2.5,8.541109022440628,1
244000.0,910,3,1971,55,5250,1.0,3.94963755518248,0
967500.0,3250,3,1951,75,5797,3.75,9.744539886774527,1
375000.0,2000,3,1965,61,7294,1.5,1.8892392856486762,1
1600000.0,3790,3,1985,41,19000,3.25,7.123234458185236,1
527500.0,2310,3,1977,49,78844,1.75,21.900435625193563,1
994000.0,2510,3,1932,94,6339,2.25,10.964372087703023,1
313000.0,1320,3,1948,78,6205,1.75,6.043749216781036,0
587000.0,2370,3,1979,47,217800,2.25,46.894401419920406,1
304000.0,900,3,1972,54,7500,1.0,12.14347120832177,1
675000.0,2540,3,1940,86,7680,2.5,2.191958298751268,1
305000.0,2100,4,1968,58,9288,1.0,1.0,1
280000.0,1200,3,1943,83,6250,1.0,7.570043350159997,1
960000.0,3720,5,2005,21,15200,4.0,6.533837326942166,1
500000.0,1760,3,1988,38,4539,2.25,2.8441015486078602,1
274950.0,1670,3,1987,39,7415,1.75,8.60806934189806,1
455600.0,2420,3,1998,28,8252,2.5,7.381802141313597,1
970000.0,3480,5,1964,62,15185,3.0,6.344764107789814,0
312900.0,1630,4,2003,23,4473,2.5,2.0536868039873166,1
535000.0,2340,4,1921,105,5600,2.5,8.737371984840435,0
427000.0,920,2,1910,116,3780,1.0,7.706603533875983,0
405000.0,910,2,1942,84,6490,1.0,6.000472408661851,1
480000.0,1150,3,1943,83,4945,1.0,11.528910988142997,1
725000.0,2500,3,1940,86,4774,1.5,2.7445457010215417,1
293000.0,3250,4,1973,53,235063,2.5,47.43602448722578,1
268000.0,1930,4,1967,59,6600,2.0,4.244275790356268,1
475000.0,3400,4,1991,35,234352,3.5,50.0,0
488000.0,1590,3,1985,41,2550,2.5,6.240018347968075,0
760000.0,3330,4,2009,17,7399,2.5,5.75609182643101,1
1710000.0,4590,5,2009,17,14685,4.5,8.99316618954289,1
754950.0,2610,3,2014,12,7256,2.5,2.6965817274286676,1
263900.0,1658,3,2014,12,2700,2.5,9.871293812219779,0
460000.0,1600,3,2006,20,1431,3.5,5.039746464822294,1
399950.0,1296,3,2009,17,1051,3.0,8.562087494764384,1
370000.0,1280,2,2009,17,835,2.25,6.195176039133113,0
1149000.0,5940,4,2004,22,11533,3.0,8.676859657461351,1
450800.0,2510,4,2009,17,5311,3.25,7.771501840696612,0
627000.0,2710,3,2005,21,3475,3.5,7.038125680051945,1
495000.0,1750,3,2013,13,1548,2.5,7.237768279602632,1
310000.0,1430,3,1927,99,19901,1.0,12.967657590397295,0
550000.0,1660,4,1933,93,34848,1.0,12.55916350910441,1
215000.0,1320,2,1943,83,8865,1.0,8.900011272765536,1
799000.0,2580,4,1984,42,209523,3.0,46.63539291713832,1
630000.0,2740,4,1993,33,43101,2.5,17.940551646348418,1
267000.0,2495,3,2007,19,4400,2.5,3.850823093822191,1
900000.0,2300,6,1950,76,24773,2.75,15.357421298732447,1
365000.0,1300,3,1963,63,12240,1.5,7.32752614806697,1
544500.0,2230,4,1974,52,10414,2.5,2.790474693645856,1
599000.0,2020,4,1917,109,2750,2.75,5.934313244732367,0
815000.0,2000,4,2001,25,3800,2.25,3.7168450275753573,0
254000.0,1060,2,1952,74,8187,1.0,9.159330646966172,1
740000.0,2080,2,1923,103,4800,1.75,4.002128062092828,1
225000.0,2030,3,1979,47,24829,2.0,8.62724970035566,1
925000.0,2690,3,1943,83,7000,2.5,1.0,1
1285000.0,3240,4,1946,80,10800,2.5,5.80308104225277,0
537000.0,1550,3,1999,27,12920,2.5,1.0,0
335000.0,1480,4,1910,116,3132,2.0,1.0,1
840000.0,3040,4,1906,120,2800,2.75,7.8412439684328925,1
224000.0,1560,3,1964,62,7300,1.5,8.817400475952496,1
395000.0,2250,3,2006,20,3757,2.5,7.027772685354894,1
450000.0,1100,3,1917,109,4600,1.0,3.019071570612361,1
681000.0,1700,3,1907,119,6356,1.0,6.128065931574061,0
898000.0,2680,5,1963,63,28014,1.5,10.591992382728295,1
370000.0,800,3,1908,118,2296,1.0,1.9841059324223718,1
429000.0,1350,2,2005,21,6315,1.75,10.773194905301452,0
150000.0,820,3,1910,116,7680,1.0,9.168086871727013,0
555000.0,3160,3,2006,20,4270,2.5,5.191107478511008,1
326000.0,1720,3,1958,68,28000,2.75,10.680657516983592,1
225000.0,1680,3,1994,32,6755,2.5,6.976148423842657,1
245100.0,1300,3,1996,30,7958,1.75,1.0,0
665000.0,2190,3,1987,39,10370,2.5,6.332467852438209,0
535000.0,1720,3,1994,32,4006,2.5,3.755247256006604,0
305000.0,1160,3,1968,58,11776,1.0,4.350339970315254,0
999000.0,3150,7,1957,69,34830,4.0,11.122699121342137,1
215000.0,1210,3,1983,43,8075,1.75,12.008059580548569,0
432500.0,1980,3,1965,61,5100,1.75,7.942528583801029,1
655000.0,2990,4,2003,23,5669,2.5,4.4202630306516095,1
266200.0,1430,3,1966,60,9600,1.5,8.637748344068475,0
244615.0,2060,3,1999,27,4030,2.5,10.004066309758006,0
460000.0,2230,4,1991,35,52983,3.0,18.370501048738305,1
370000.0,3090,4,1995,31,18645,2.5,8.907891109760522,1
465000.0,4250,6,1967,59,23326,3.25,7.724389666883277,1
1175000.0,1970,3,1937,89,23180,2.5,11.73066994084077,0
189000.0,1700,2,1927,99,3171,2.0,6.814656156265249,1
820000.0,2510,3,1995,31,5503,2.5,8.786179660083196,1
968000.0,3610,6,1959,67,17580,2.75,10.42151540504591,1
1400000.0,2980,4,1900,126,7000,3.25,9.548658145958006,1
438750.0,1610,3,1947,79,6480,1.75,4.690294365318296,1
1210000.0,3650,4,1951,75,6982,2.75,10.348582196902978,1
600000.0,2510,4,1960,66,38141,2.0,13.220998814077198,1
589000.0,1110,3,1932,94,6000,1.0,12.425782617875797,1
590000.0,1650,3,1926,100,6150,2.0,4.162436545731297,0
479900.0,1980,3,1994,32,12150,2.0,12.637891409495747,0
210000.0,880,2,2007,19,1157,1.5,5.8251323503879435,1
745000.0,1490,3,1947,79,9800,1.75,5.0057459891566545,1
840500.0,2520,3,1906,120,5400,2.0,4.6283424978370356,0
420000.0,1820,3,1977,49,22320,1.75,8.50295807541704,1
565000.0,4140,7,1978,48,9066,4.5,8.08569783920575,1
840000.0,3420,4,2000,26,8405,2.5,8.2495064641065,0
681716.0,3150,4,2006,20,7277,2.5,4.734299988184263,1
600000.0,1580,3,1967,59,7416,1.75,6.410136223217052,0
380000.0,1660,3,1949,77,8281,2.0,13.083011075835591,1
168500.0,1100,3,1969,57,10125,1.0,12.207629510302134,1
355000.0,1270,2,1920,106,3200,1.0,6.948971009022096,0
277000.0,1450,4,1964,62,6250,1.0,6.364010434504601,1
236000.0,1830,4,1989,37,9485,2.25,7.257093980154784,0
270000.0,1300,3,1918,108,4127,1.75,7.66595391819125,1
700000.0,2320,2,1925,101,5500,1.75,3.0316223044047828,0
425000.0,1680,4,1979,47,9545,2.75,6.136870387729965,1
635000.0,2300,3,1921,105,5500,2.5,1.0942477783672313,0
510250.0,1400,3,1951,75,4000,1.75,6.9976693678158375,1
960000.0,2410,4,1929,97,4560,2.25,7.853587819108223,1
254000.0,1480,3,1992,34,7480,2.0,5.046440613101878,0
299000.0,1390,3,1954,72,9624,1.0,11.646760289870098,1
175000.0,830,2,1996,30,2699,1.0,1.8625030109929757,0
157500.0,740,2,1949,77,9003,1.0,2.4074753593705394,0
580000.0,1940,5,1945,81,6000,2.0,6.873355455679916,1
124740.0,1340,3,1978,48,15600,1.0,11.261294907836465,0
1970000.0,4440,8,1959,67,6480,3.5,11.347783074373606,1
285000.0,800,2,1954,72,6240,1.0,4.87134721139318,0
242000.0,1310,3,1979,47,9645,1.75,10.165042500293886,0
840000.0,2330,4,1924,102,4000,1.75,5.684474591497878,1
474800.0,1400,2,2000,26,1243,3.25,4.7307181001775405,0
490000.0,2360,4,2003,23,4367,2.5,8.524379812460017,1
465000.0,1840,3,2003,23,5752,2.25,8.10736863524026,1
515000.0,2680,4,2004,22,7178,2.5,1.7064235290472523,1
430000.0,3890,3,1943,83,7140,3.75,10.857621049177688,0
253400.0,1400,3,1968,58,8640,2.0,10.868274062442355,1
355000.0,2400,3,1990,36,9701,2.5,5.063511895471412,0
740000.0,2920,4,1998,28,46355,2.25,15.458410600312227,0
186950.0,1390,2,1986,40,1302,2.0,6.742490558848216,1
306000.0,1680,3,1984,42,11193,2.5,8.02062129747172,1
510000.0,2040,4,1961,65,8800,1.5,5.1090845384637396,1
345000.0,1080,2,1940,86,4000,1.0,3.785129896185845,1
875000.0,2280,3,1917,109,4280,2.75,5.779337787025664,0
700000.0,4490,4,2006,20,5099,3.5,9.537987057778095,1
1400000.0,4700,4,2005,21,9160,3.25,8.462800463783296,1
499950.0,2798,4,2012,14,4473,2.5,4.782757003741682,0
739000.0,2810,3,2005,21,5400,2.5,8.395096131945035,1
363000.0,3753,4,2008,18,7204,2.5,1.0,1
782000.0,3910,4,2007,19,8095,3.5,10.065297101116311,1
325000.0,1050,2,2005,21,1609,2.5,1.0,1
485000.0,1600,4,1916,110,4300,1.0,4.772677175790604,1
452000.0,2590,4,1968,58,10002,2.25,3.6413903161215684,0
264950.0,1720,4,1978,48,9753,2.25,3.0665555728372826,1
472000.0,4410,6,1965,61,14034,2.5,11.289280362135559,1
267500.0,1590,3,1957,69,11914,1.75,5.979696396064325,0
565000.0,2440,4,1996,30,22594,2.5,10.558311645192147,1
535000.0,1360,3,2003,23,1016,2.5,5.062438263362448,1
389000.0,910,2,1952,74,7000,1.0,7.8311224816693645,0
400000.0,1390,4,1965,61,7200,1.5,6.670465673180765,1
264000.0,1470,3,1958,68,14821,1.5,4.1152233274342915,1
690000.0,2920,4,1990,36,9904,2.5,9.969600458341422,1
412000.0,1950,3,1985,41,52256,1.75,13.969930250516063,1
695000.0,2390,3,2006,20,4555,2.5,1.241254304020746,1
246500.0,1270,3,1964,62,11600,1.5,6.035654517102262,1
230000.0,950,2,1958,68,7560,1.0,11.014279371902933,0
302000.0,900,2,1925,101,423838,1.0,50.0,1
820000.0,2280,4,1940,86,6660,2.25,5.286043596776422,1
145000.0,1010,3,1954,72,5490,1.0,5.050226887044714,1
436500.0,1260,2,1951,75,5000,1.0,5.035094846347852,0
2453500.0,4730,4,1935,91,13586,3.5,13.947443950682523,1
672000.0,2620,3,1992,34,21587,2.5,10.46320635669466,1
680000.0,2330,3,1927,99,4000,2.25,7.090124941573208,1
750500.0,2170,5,1911,115,2440,3.0,8.578850362095526,1
550000.0,2450,5,1900,126,9488,2.0,7.61396747707954,1
266500.0,1880,4,1978,48,7632,1.75,5.749273562537891,1
619000.0,2300,4,1915,111,3400,2.0,5.090950452745065,1
405000.0,1240,3,1988,38,14404,2.0,7.665996221757808,1
300000.0,820,2,1916,110,3844,1.0,5.657133290470475,0
231000.0,1530,4,1942,84,6375,2.0,8.45788863091094,1
790000.0,2900,5,1967,59,12160,3.25,7.587837657421899,1
400000.0,1240,4,1987,39,3867,2.75,7.971320231646738,1
950000.0,4140,4,2000,26,13392,3.5,7.436250259674253,1
450000.0,2240,4,1956,70,7725,2.0,6.7809055709482715,1
595000.0,1480,3,1928,98,5000,2.0,1.0,0
332000.0,2270,3,1977,49,8876,2.25,9.524183024107444,0
155000.0,1250,3,1949,77,6250,1.0,7.289465427693978,0
400000.0,1930,5,1962,64,9747,2.0,9.943430329578955,1
349000.0,1700,4,1981,45,7800,1.75,1.0,1
529000.0,1590,3,1944,82,6420,1.0,12.549124114342181,1
405000.0,1880,5,1963,63,10000,1.75,6.581231115534479,0
635200.0,1640,4,1921,105,4240,1.75,9.172548450212549,1
540000.0,2600,3,1940,86,5085,1.5,2.897282218623407,0
402000.0,710,2,1943,83,1173,1.0,7.072921715187709,1
3100000.0,6980,6,1999,27,15682,4.25,4.976153310479032,1
329932.0,1460,3,1971,55,5040,1.5,4.136693117912585,1
300000.0,2080,3,1989,37,9827,2.5,12.707494061600357,1
525000.0,2630,5,2003,23,9216,2.5,6.271152797709959,0
2750000.0,4430,4,1952,74,21000,3.25,9.852298619539168,0
602500.0,2760,4,1999,27,6850,2.5,8.980203192066263,1
400000.0,1670,4,1955,71,12056,2.0,8.898245663917814,1
445000.0,1990,4,1944,82,4725,1.75,6.39625671543073,0
525000.0,2600,3,1989,37,5238,3.0,7.142483007398676,0
395000.0,1320,2,1909,117,1824,1.0,12.575046755714826,1
510000.0,2240,3,1929,97,3800,1.5,5.587143608899243,1
723000.0,1960,4,1959,67,8680,2.25,7.339297140144902,1
503000.0,2590,3,1988,38,108900,2.0,29.931963188022838,1
672500.0,2620,4,2000,26,6707,2.75,9.65797779887395,1
860000.0,2770,3,1991,35,9136,2.5,10.38829091668114,1
475300.0,2110,3,1924,102,10005,1.0,8.917190666087553,1
295000.0,2290,4,2001,25,4539,2.5,2.4787852618085493,1
1425000.0,4960,4,1909,117,6000,4.25,11.10029459690329,1
250000.0,1110,2,1951,75,26051,1.0,6.771163820943936,0
658000.0,3310,4,2008,18,6166,2.75,7.1411063957171,1
83000.0,900,2,1918,108,8580,1.0,4.453172449941926,1
685000.0,1940,3,1960,66,7313,1.75,6.270184960221022,0
210000.0,1590,3,1986,40,7617,1.75,7.509687230910441,0
650880.0,2930,3,2008,18,6050,2.5,7.17407164635082,1
350000.0,2040,4,2011,15,22653,2.5,10.796362262705854,1
305000.0,1000,2,2006,20,905,2.25,10.02213380717594,0
645000.0,1730,3,2008,18,1229,3.25,6.606402904541939,0
385000.0,1220,3,1901,125,4800,1.0,5.227530094128054,0
860000.0,3060,3,1983,43,12095,2.25,10.311261504865072,0
395000.0,2910,4,2002,24,5000,2.5,9.568411466773922,1
260000.0,1050,3,1980,46,5850,1.75,2.4871765545890225,1
196440.0,1560,3,1992,34,7352,2.0,8.262600209549573,1
425000.0,1680,3,1900,126,3000,1.75,7.703518226932695,1
2400000.0,4140,4,1977,49,20734,3.25,8.254109489920022,1
369000.0,1550,3,1959,67,8509,2.0,10.828920439934858,1
1385000.0,5700,6,1977,49,20000,2.75,8.54983323890242,1
349900.0,2200,3,1990,36,7278,2.5,6.832329360414628,0
650000.0,1740,2,1994,32,2500,2.5,4.9807845271483915,1
299950.0,1210,3,1955,71,9525,1.0,6.951737142744403,1
625000.0,4240,4,1989,37,25639,3.25,6.838974739314395,1
190000.0,1590,3,1978,48,11745,2.25,3.0288473522171167,1
715000.0,3420,4,1947,79,7200,1.75,11.223515189674917,1
659000.0,3190,4,1946,80,11375,2.5,4.7341159550450165,1
490000.0,1920,3,1947,79,5405,1.75,3.106822951631078,0
415000.0,1340,2,2004,22,4664,1.75,1.0,1
750000.0,1700,3,1947,79,8400,1.75,4.763114756931493,1
700000.0,2310,4,1927,99,3570,2.5,1.7447306197775054,1
425000.0,1510,3,1989,37,44000,1.75,18.72604548040911,1
642000.0,2670,3,1987,39,10082,2.5,10.045851268027903,0
655000.0,2060,4,1983,43,8470,2.25,4.629548964466829,1
1365000.0,2090,3,1928,98,6000,2.5,12.957307416032926,0
458000.0,3090,5,1957,69,23265,2.5,12.598296460974781,1
330000.0,1240,2,2007,19,1546,2.5,4.334705849474132,0
384950.0,1860,3,2000,26,3690,2.5,1.0,1
560000.0,2000,3,1953,73,7350,1.5,13.342827717772224,0
950000.0,2500,4,1970,56,92347,1.75,19.300682599709212,1
465000.0,1820,4,1977,49,20349,2.25,4.1336037591293255,1
425000.0,1820,3,1974,52,8058,2.25,9.67931129602892,1
315000.0,1060,3,1981,45,5750,2.0,13.46925721901782,0
530000.0,1950,3,1988,38,9906,2.5,11.134018455531555,1
399000.0,940,2,1911,115,4800,1.0,7.6517273601570786,1
168000.0,1220,2,1976,50,3568,1.5,7.4978630249958576,0
1886700.0,4180,5,2004,22,17935,3.5,11.147246676340924,1
374000.0,1200,3,1971,55,9800,1.0,9.236785769360296,1
740000.0,3990,5,1937,89,18897,3.75,9.622974271908127,1
280000.0,1880,2,1919,107,7560,1.0,6.824603311855629,1
322000.0,2280,4,1994,32,7200,2.5,6.252220616301432,0
459900.0,2580,3,1951,75,11000,1.75,4.938106233399971,0
750000.0,2600,4,1976,50,4674,2.75,5.092774769399678,1
1256500.0,3150,4,1966,60,13700,2.5,2.661129557413844,0
3710000.0,5550,4,2000,26,28078,3.5,10.32058111961575,1
427000.0,2220,5,1973,53,4000,2.75,2.8342266785472474,1
800000.0,1730,2,1947,79,31491,2.25,7.987432048352687,1
735000.0,2840,4,1931,95,4120,3.0,6.363682453460435,1
642000.0,2560,4,1992,34,8780,2.5,10.932006859033798,1
240000.0,1330,3,1900,126,6000,2.0,8.95494981800694,0
645500.0,1890,2,1909,117,5202,1.0,1.3288981891304692,0
840000.0,4290,7,1982,44,37607,4.5,9.552515590288987,1
475000.0,1540,2,1983,43,54450,2.0,18.71231356396465,0
568000.0,2340,4,1966,60,50233,2.0,12.09913781938507,1
325000.0,2180,3,1961,65,10230,1.75,6.372100550008925,0
825500.0,2780,3,2009,17,11964,2.5,9.042956297073655,0
499431.0,2620,4,2013,13,6019,2.75,3.2987666354090943,1
919204.0,3760,4,2014,12,5000,3.5,6.31612651843788,1
545000.0,2720,4,2012,14,4738,2.5,1.9455235152453865,1
660000.0,2675,3,1984,42,40910,2.25,11.377897068146359,1
538888.0,2080,5,1987,39,13189,2.75,8.597145802427612,1
693000.0,2460,3,1996,30,12028,2.5,2.6266187994049917,1
289950.0,1960,3,2004,22,3480,2.5,7.017424213881196,1
587000.0,2550,4,1992,34,6256,2.5,6.192286603219956,1
615000.0,1760,3,2014,12,1146,2.25,6.886669863251443,1
459000.0,1620,3,1974,52,7330,1.75,7.137742402193984,0
243000.0,1790,3,1960,66,12000,1.75,11.492421289921534,1
1505000.0,3480,4,1926,100,7232,3.5,6.822073507943721,1
660000.0,2780,4,1978,48,9900,1.75,5.691783376624242,1
1595000.0,3640,5,1982,44,8239,3.0,7.014692509096852,0
250000.0,750,1,1918,108,4000,1.0,7.429894087109163,0
315000.0,960,3,1952,74,6634,1.0,6.473380210977114,1
404000.0,2030,3,1963,63,8880,1.5,6.897775073611647,1
559900.0,2930,3,2004,22,5569,2.75,4.007824936579733,0
285000.0,1380,2,2011,15,1073,2.5,3.2258972473471554,0
500000.0,1720,3,1941,85,5525,2.0,1.8971841846009196,1
380000.0,1210,2,1950,76,4800,1.0,11.208730229560818,1
469000.0,950,3,1948,78,4250,1.0,2.1184102938261447,0
405000.0,1710,2,1920,106,4234,1.75,3.768084406612278,1
439900.0,1410,2,1909,117,12282,2.0,5.301178203292408,0
525000.0,2910,4,2006,20,7631,2.5,9.210973130833324,1
580000.0,2220,4,1988,38,7064,2.5,5.5279509651239165,1
1250000.0,3160,5,1972,54,13238,3.25,11.390826218021202,1
275000.0,1380,3,2008,18,4500,2.0,3.8795281272683946,1
629000.0,1760,3,1920,106,5000,2.0,6.836982486671406,0
395000.0,730,1,1911,115,3000,1.0,3.0939588402207274,0
965000.0,2460,4,1938,88,5000,2.5,12.435447383320165,1
820000.0,2160,3,1960,66,6272,1.75,2.691604742911462,0
661000.0,1990,4,1932,94,4600,2.25,6.849462130681083,1
789000.0,3740,3,1991,35,39640,3.0,14.829330642796297,1
668500.0,2710,4,1999,27,5500,2.5,7.341397292354494,1
350000.0,2680,3,1990,36,7836,2.5,6.011337023366875,0
250000.0,1850,4,1978,48,7560,2.0,6.122537900799722,0
725995.0,3190,4,2001,25,7869,2.5,6.705234415937329,1
1000000.0,2730,3,1998,28,5832,2.5,5.725393995114534,0
686000.0,1840,3,1961,65,9990,1.5,9.88963735038473,0
665000.0,2720,4,1987,39,10000,2.5,13.631569004774054,0
1965221.0,4370,4,2003,23,8510,3.5,5.029524644976499,1
653000.0,2290,3,2006,20,3475,2.5,1.5855910612627664,0
430000.0,990,2,1947,79,4802,1.0,5.695553854946235,1
305000.0,1140,2,1988,38,2980,1.5,13.335128012962956,1
809000.0,1840,4,1917,109,4337,1.5,3.4563762960908075,1
440150.0,1110,2,1947,79,6800,1.0,11.277350416332203,1
615000.0,2150,4,1985,41,9070,2.5,11.847102442229321,1
1035000.0,2230,3,2003,23,5750,2.5,4.489235274876016,1
455000.0,1170,2,1941,85,6000,1.0,7.906949237555827,0
635000.0,1960,3,1940,86,7200,2.5,11.325189869385614,1
675000.0,2610,3,1988,38,9002,2.25,5.663016777037539,1
316000.0,2130,3,1987,39,8721,2.25,6.133458919692915,1
955000.0,3020,3,1969,57,43560,2.25,11.966957258154068,0
985000.0,1670,3,1912,114,5400,1.75,3.0357298079213995,1
465500.0,1890,3,1965,61,7004,1.75,4.452967364801979,1
305000.0,950,3,1950,76,13475,1.0,4.023179199713231,0
645000.0,2430,4,1963,63,14400,2.5,7.9822504047776786,1
730000.0,2360,4,1939,87,6000,2.0,3.890080306824075,1
366000.0,1510,3,1967,59,8301,1.75,7.361557735372243,1
290000.0,2080,3,2002,24,4828,2.5,1.297913061389118,1
472500.0,1750,3,1982,44,15500,2.0,9.092640696643372,0
550000.0,1810,3,1925,101,4064,2.0,8.313386884826773,1
410000.0,1790,4,1969,57,11875,1.75,1.393793072285634,1
440000.0,2340,4,1967,59,11034,2.75,8.328969709542715,1
535000.0,1690,3,1984,42,9626,2.5,10.608206977419876,1
300000.0,2070,4,2003,23,7476,2.5,2.866276943926384,0
432500.0,2240,3,2002,24,6396,2.5,11.29691716051311,1
870000.0,4500,4,1980,46,21780,3.0,10.613057028098135,1
492000.0,2770,3,1978,48,39927,1.75,10.870364432724774,1
199950.0,1010,3,1969,57,7245,1.0,6.281692767026882,1
439800.0,1120,3,1956,70,6900,1.5,8.054980737565167,1
320000.0,3020,5,1978,48,21441,2.5,9.516216174237234,1
687000.0,4400,4,1993,33,186846,3.25,43.985467977339106,1
345000.0,1990,3,1963,63,5650,1.75,3.3679792207619013,0
274950.0,1450,3,1958,68,8820,1.0,7.272082472108234,0
270000.0,1920,4,1998,28,8497,2.5,2.458256509285059,1
342000.0,1175,2,2005,21,1366,2.5,4.939521815953899,1
327000.0,1320,3,1970,56,13200,1.5,4.9282770756056316,0
610000.0,3990,5,1962,64,3839,2.5,3.561210172230701,1
455000.0,1140,2,1947,79,5720,1.0,9.852279525631312,0
540000.0,1720,4,1925,101,4240,1.75,9.121930361782807,1
411000.0,2150,4,1976,50,9915,2.75,8.81041436272153,1
544000.0,1790,3,1910,116,8203,1.5,3.3636617059822633,0
802000.0,2210,2,2003,23,6327,2.5,5.316174650915594,0
568500.0,2180,3,1981,45,7519,2.75,10.14309309993755,0
391000.0,1410,3,2004,22,1290,2.25,5.683150740919714,1
298000.0,1950,3,2010,16,3600,2.5,12.677988619945083,1
400000.0,1495,3,2006,20,936,2.5,6.367153518183115,1
425000.0,1660,3,1979,47,6000,2.25,6.7761473494700954,0
328500.0,1950,3,1990,36,8130,2.5,5.698650607392495,1
650000.0,2550,5,1902,124,5040,2.75,6.408622714346847,1
850000.0,1370,3,1911,115,3850,1.75,5.312590490858367,0
930000.0,2200,4,1908,118,4000,2.5,7.924326030065771,1
530000.0,1250,3,1942,84,6041,1.75,9.078306950383752,0
495000.0,2220,4,1961,65,8872,2.25,4.416431618476151,1
500000.0,1620,3,1945,81,4200,1.75,1.8463011393266657,0
325000.0,2250,3,1980,46,26337,1.75,4.75878388069011,1
365000.0,1720,3,1990,36,99916,2.5,26.50717398073763,0
471000.0,3030,4,1998,28,9687,2.5,3.6273001814783794,0
223000.0,1030,3,1961,65,9120,1.0,1.0,1
503000.0,2190,3,1999,27,4882,2.5,7.142135813592892,1
230000.0,1440,3,1942,84,5600,2.0,13.598998552298372,1
550000.0,2170,4,1980,46,9600,2.5,6.90178726538032,1
1100000.0,2930,4,1925,101,3200,3.75,8.155472323354925,0
193000.0,1180,3,1960,66,9048,1.5,7.055088075642694,1
590000.0,2360,4,1939,87,57514,4.25,16.206131040426573,1
712500.0,1660,3,1956,70,8797,1.5,9.516629448963306,1
689800.0,2390,3,1942,84,9313,2.75,5.9917763674340465,0
430000.0,1360,3,1924,102,5120,2.0,6.826176942215708,0
785200.0,1840,3,1910,116,3500,2.25,6.665093418588041,1
474900.0,1800,3,1976,50,43647,2.25,11.725128639070853,1
1070000.0,4130,4,2001,25,12320,3.75,10.440127048609568,1
435000.0,2220,3,1988,38,132858,1.75,31.046720729913773,1
941500.0,3490,5,1980,46,9680,3.5,4.6687645215214655,1
312000.0,1830,4,2003,23,5175,2.5,7.64452953071121,1
835000.0,1550,4,1930,96,4000,2.75,3.104596054626888,1
713250.0,2050,3,1951,75,9000,2.0,6.884543472107384,1
440000.0,1230,2,1906,120,6600,1.0,6.29264301006739,1
580135.0,3150,4,2014,12,5886,2.5,9.434886697494735,1
575000.0,3800,3,1976,50,33825,2.25,13.18909469863986,1
613000.0,1350,3,1991,35,3068,2.5,5.538519123764568,0
235000.0,1530,3,1970,56,8700,2.0,9.193298897600862,0
660000.0,2290,3,1953,73,2798,2.5,9.730222647051939,1
280000.0,1480,2,1940,86,15641,1.5,9.801630919055587,1
268000.0,1970,3,1966,60,10270,1.75,7.085057859530142,0
235000.0,720,2,1947,79,4840,1.0,2.0324913029495213,0
390000.0,1080,3,1947,79,7236,2.0,3.2518590107738827,1
654950.0,2790,4,1987,39,45902,2.5,13.264725886935997,1
449500.0,2040,5,1969,57,7488,2.75,4.669063393522151,1
150000.0,1320,3,1959,67,8220,1.0,6.083086091043662,1
440000.0,1680,3,1989,37,57063,2.25,16.58254977469132,1
710000.0,2140,3,1928,98,4923,2.0,7.573678263070192,1
420000.0,1660,3,1981,45,9600,1.75,6.708503665822726,0
312000.0,1540,3,1954,72,5338,2.25,7.527104931478606,1
320000.0,1880,3,1952,74,10758,2.0,7.345023244430361,1
235000.0,1250,3,1959,67,15603,1.0,2.1942003009383857,1
437000.0,2120,5,1913,113,137565,2.0,29.694993818543743,1
545000.0,1810,3,1903,123,3000,1.75,5.167737332835153,1
640000.0,2370,3,1993,33,11172,2.5,3.6053157714766773,1
432000.0,1970,3,2003,23,4036,2.5,7.606986189988613,0
548000.0,2110,3,2001,25,4099,2.5,10.412052497031091,1
830000.0,2080,3,2004,22,10521,3.0,10.76048555509195,0
875000.0,3720,4,1970,56,12384,2.25,6.836471387209376,0
409950.0,1370,2,1944,82,5125,1.75,10.497178410549857,1
695000.0,2961,4,1998,28,12146,2.5,7.875202371606335,1
562100.0,2090,3,1983,43,12112,2.25,6.4111420866458815,1
475000.0,2600,3,1989,37,7210,2.5,4.601792009377181,0
425000.0,1870,3,1978,48,9000,2.25,5.892590940535615,0
600000.0,2620,4,1987,39,9873,2.5,5.810069544376313,1
770000.0,2430,3,1987,39,54059,2.5,16.323048667126464,1
239000.0,1340,3,1968,58,16480,1.75,8.777721943149594,0
295000.0,1170,2,1963,63,10621,1.0,7.133338060460243,1
560000.0,2000,3,1963,63,10182,1.75,8.34721450923905,1
613000.0,2070,5,1967,59,12000,2.5,10.971938824359025,1
960000.0,4590,4,1981,45,9150,3.0,9.678662406323971,1
847000.0,2550,5,1905,121,4623,1.0,1.4699060946502893,1
206000.0,1060,3,1962,64,9600,1.0,1.0,1
253000.0,1220,2,1921,105,5000,1.75,8.80295973371782,1
430000.0,1790,4,1973,53,7203,2.25,2.339963904753737,1
605000.0,2060,3,1947,79,4040,2.0,5.133703794321949,0
425000.0,1140,2,2007,19,1182,2.5,1.7260609218219214,0
720000.0,2870,4,1986,40,12648,2.5,2.1236586872599412,1
375900.0,2550,6,1958,68,33740,1.5,13.372388184614366,1
1298000.0,2790,4,1985,41,10125,3.5,9.30246548090794,1
210000.0,1110,3,1962,64,7962,1.0,4.862868797819841,0
234000.0,940,2,1952,74,5375,1.0,1.0,0
285000.0,2880,3,1958,68,18296,1.75,7.0204666552425525,1
400000.0,1200,3,1962,64,4800,1.5,7.135412016207639,1
718000.0,1030,3,1952,74,4958,1.0,1.5548652936776133,1
174500.0,1240,2,1986,40,2689,2.5,6.087879759337467,0
222400.0,1200,3,1995,31,9566,2.0,6.867270452481013,1
402500.0,2780,3,2009,17,4002,3.25,7.538274498803265,1
250000.0,1765,3,1996,30,7652,2.25,6.88914110524246,1
600000.0,1960,4,1958,68,14242,2.5,4.929193177355334,1
930000.0,2680,2,2006,20,11214,2.5,10.832514504993474,0
272500.0,1410,3,1983,43,7622,2.0,6.0488112809190895,1
363990.0,2240,4,2014,12,3712,2.5,5.660486381470204,0
575000.0,3120,4,2010,16,7644,2.75,3.728996122780412,0
400000.0,1450,3,2009,17,4706,2.25,4.61135324642547,1
427874.0,2340,3,2013,13,5002,3.0,3.345991857919297,1
309000.0,2481,5,2014,12,4045,2.75,5.290161820229731,1
320000.0,1530,3,2013,13,1602,3.25,10.455525440427031,0
390000.0,1250,3,1942,84,7500,2.25,2.3842965712059314,1
299000.0,560,1,1967,59,12120,0.75,2.583315806369776,1
375000.0,2200,4,1955,71,7475,1.75,10.908510982480827,1
240500.0,1460,3,1997,29,10584,1.75,6.488828968544401,0
320000.0,1650,3,1978,48,9380,1.5,4.86878178402025,1
1270000.0,3200,5,1952,74,17204,2.5,11.56051406218823,1
658588.0,2560,3,1986,40,41346,2.25,11.452353380789408,1
270000.0,2080,3,2003,23,4252,2.25,11.328429140640809,1
327500.0,1070,3,1989,37,7140,1.0,8.461777614017807,0
340000.0,2190,3,1978,48,12626,1.75,6.061465775562892,1
200000.0,2060,3,1903,123,15837,1.5,14.639324639796511,0
1025000.0,2640,3,1960,66,8000,1.75,4.782855230989984,0
275000.0,1720,3,1983,43,8755,2.5,8.977286116027921,1
1126000.0,3880,5,1979,47,13885,3.5,8.674877741219476,1
280000.0,960,2,1942,84,4920,1.0,9.889223868196394,1
485000.0,2340,3,1985,41,59058,2.5,21.496133590180555,1
1901000.0,2660,3,1992,34,13367,2.5,7.7694124471973,0
865000.0,2090,3,1947,79,4725,1.75,3.68474638896145,1
532000.0,1820,3,1993,33,4910,2.5,7.3619164288173495,0
364950.0,2310,4,1978,48,8030,2.5,4.572853890743682,1
212500.0,920,3,1977,49,14400,1.0,13.920161742579868,0
135000.0,790,1,1942,84,13062,1.0,8.022005993248213,0
437000.0,1500,2,1942,84,6800,1.75,5.264035346063674,1
390000.0,1240,3,1952,74,11108,1.0,7.775640917594726,1
760000.0,2730,4,1986,40,36183,2.5,8.19522113141091,0
119500.0,1170,3,1980,46,11000,1.0,4.285157884468045,0
2400000.0,3410,5,1912,114,9088,3.25,10.418841723833276,1
837500.0,2700,4,1994,32,9320,2.5,4.893317163085813,0
327500.0,1650,4,1968,58,7800,1.75,3.419267051954182,1
175000.0,670,2,1919,107,2378,1.0,7.085558257581859,1
289950.0,1670,3,1992,34,7757,2.0,10.10851246398899,0
400000.0,1530,3,1986,40,10731,1.75,9.3030599319952,0
219950.0,1500,3,1984,42,7615,2.25,9.51114305741745,0
161700.0,1720,4,1974,52,7200,1.75,4.169614734291617,0
500000.0,2920,5,2003,23,11440,3.0,3.022567999774469,1
465000.0,910,3,1948,78,4500,1.0,10.404000955866461,0
540000.0,1050,3,1925,101,4160,1.0,4.863960483473592,1
525000.0,1540,3,2004,22,7800,2.0,5.807500950634859,1
324950.0,1210,3,1949,77,7440,1.0,10.472582425547174,1
565000.0,2650,5,1961,65,11455,2.5,8.95969002820198,1
760500.0,1990,3,1912,114,3990,2.0,7.165663316244823,1
1100000.0,2660,5,1969,57,8737,2.75,13.242407034703252,1
603500.0,4060,4,1977,49,9734,2.5,5.01624530885957,1
453500.0,2300,5,1967,59,23345,2.5,12.452520384243712,1
583000.0,2630,6,1974,52,16411,2.75,8.453239374691254,1
275000.0,770,2,1948,78,8149,1.0,7.43557683658977,1
875000.0,3790,4,1999,27,10669,2.75,11.719205279237595,1
335000.0,2540,4,1979,47,7210,2.75,7.965507268868871,1
646000.0,2500,4,1978,48,8500,2.25,8.3148882371489,0
392500.0,2150,4,2005,21,7303,2.5,9.678122011929407,0
785000.0,1670,3,1961,65,9600,1.75,5.825141811371344,1
470000.0,1800,3,1956,70,12669,2.0,5.0161709979829805,0
560000.0,2070,3,1996,30,12708,2.5,4.407172417936899,1
519000.0,830,2,1920,106,2820,1.0,1.0,1
746000.0,2370,3,1973,53,9619,2.25,13.092421389820966,1
317000.0,1010,3,1959,67,5400,1.0,2.7703749028349507,0
371000.0,1420,3,1959,67,4500,1.5,5.236239129242684,1
250000.0,2120,4,1960,66,8701,2.0,5.909760100333238,1
532000.0,2020,4,1979,47,7029,1.75,7.328020093427302,1
499950.0,1520,3,2007,19,2208,2.5,7.8888116376178905,0
375000.0,820,2,1922,104,6250,1.0,8.831420465079237,0
640000.0,1690,3,2007,19,1553,2.5,3.5613676842931845,1
400000.0,2260,3,1986,40,11305,2.0,6.759634858640766,1
572000.0,1830,3,1986,40,7897,2.25,7.427139851464899,1
310000.0,1350,3,1995,31,11150,2.0,6.483926621449359,0
989000.0,3280,5,2003,23,4000,3.5,10.622036728059978,1
685000.0,2770,4,1989,37,45514,2.5,15.575724854914753,0
907500.0,2770,4,1987,39,8642,2.5,8.933033358149451,1
427500.0,2460,4,2003,23,5091,2.5,8.006843806002237,1
860000.0,4720,3,1998,28,32467,3.25,15.013821572455976,1
365000.0,1250,2,1947,79,8100,1.0,7.163064676111121,1
250500.0,1710,3,1988,38,7225,2.0,2.5545041561324604,1
411715.0,1840,3,1952,74,5101,1.75,7.219263855257925,1
415000.0,2000,4,1999,27,5962,2.5,4.238329318624513,1
129000.0,650,1,1967,59,15364,1.0,6.48694995475073,0
489000.0,1020,3,1930,96,9072,1.5,8.57349205626528,1
170000.0,1500,2,1950,76,18540,1.0,12.422849214300907,0
418500.0,2060,3,2007,19,4399,2.5,5.943614730208186,0
261000.0,1810,3,1983,43,29308,1.5,11.78809903779689,1
2005000.0,3810,6,1969,57,28176,4.5,15.741844833905715,1
355000.0,1650,2,1947,79,4000,1.75,6.522259538465705,0
742000.0,1540,3,2011,15,704,3.25,12.945849342541184,1
399950.0,2080,3,1959,67,5244,1.5,7.745328936894632,0
791000.0,2430,3,1989,37,5500,2.25,1.0,1
190000.0,1750,5,1943,83,10284,2.0,9.316824863313597,1
229500.0,1770,3,1968,58,33224,1.75,12.788275154648334,0
539000.0,1710,3,2005,21,2300,2.5,9.329258262248237,1
549000.0,2740,4,1991,35,88426,2.25,24.704744053809872,1
545000.0,2730,5,1958,68,17240,2.5,8.03263204804868,1
285000.0,2437,3,2011,15,5136,2.5,2.3543052911319027,0
648000.0,3290,4,2008,18,6203,2.5,5.613530228141924,0
610000.0,2910,4,2012,14,5260,3.5,3.500438637372099,1
767450.0,1630,3,2006,20,7599,2.0,4.778229650585832,0
765000.0,4410,4,2006,20,5104,3.0,7.786535213261828,0
586500.0,1780,3,2006,20,1487,2.5,10.307113513054219,1
520000.0,1540,3,2011,15,1487,3.25,6.481414589468943,1
455000.0,1420,3,2006,20,1189,1.75,1.650150813894447,0
653000.0,2680,3,1979,47,9750,2.5,8.283808004660422,0
279950.0,1750,3,1961,65,9750,2.0,10.539894459936953,0
449950.0,2170,3,2003,23,4912,2.5,4.153051287041853,1
565000.0,2390,3,1977,49,9966,2.75,6.591148499981247,1
620000.0,2400,4,1929,97,5350,2.25,6.114064584187592,1
269000.0,1690,3,1967,59,4250,1.0,3.49530506075328,1
875000.0,3250,3,2001,25,6000,3.5,8.144841301531578,1
630000.0,4610,4,1980,46,40202,3.75,12.677555554176655,1
425000.0,2440,4,1957,69,15349,2.75,9.328397331721083,1
647500.0,1290,3,1916,110,3870,1.75,3.1115234665936997,0
450000.0,2000,4,1916,110,4676,1.0,4.622825099029769,1
440000.0,1050,3,1900,126,7500,1.0,8.667144073483314,1
445000.0,2340,4,2008,18,3784,2.5,4.638300543724699,1
530000.0,2210,4,1968,58,7665,2.25,11.713891553700215,1
875000.0,2920,5,1906,120,5568,2.5,4.914691443156193,1
685000.0,3150,3,1990,36,219978,2.75,49.66965417725566,0
798000.0,3590,3,1999,27,6402,3.5,9.07817249561927,0
297500.0,1910,4,2005,21,5000,2.5,1.7449028012009045,1
749950.0,3110,4,1983,43,35235,2.75,6.764573564057673,1
495000.0,2440,5,2006,20,4750,3.0,1.3730310562897161,0
540000.0,1330,4,1962,64,8400,2.25,10.467752310281547,1
395000.0,1460,3,1961,65,22651,1.75,7.87462556232266,1
1300000.0,3902,6,1977,49,3880,4.5,13.450597857004757,1
1075000.0,5180,5,2001,25,17811,4.75,6.869457204027835,0
214100.0,1150,2,2004,22,2064,2.5,5.96645390959111,1
210000.0,1920,4,1959,67,10403,1.5,11.706929857703628,1
499500.0,2520,3,1988,38,53143,2.5,21.64687866447737,0
546000.0,970,2,1924,102,3400,1.0,11.864510729909194,1
292000.0,2490,5,1989,37,7666,2.5,10.158298691779427,1
289000.0,1680,3,1993,33,8424,2.0,9.756987577434387,1
240000.0,1150,3,1957,69,4825,1.0,7.742580847603549,0
395000.0,1980,4,1983,43,7931,3.0,8.921283228499913,1
795000.0,2070,4,1967,59,13084,2.25,5.9632428510143995,0
955000.0,5660,4,2001,25,193593,4.25,41.26400334973308,1
725000.0,2420,4,1977,49,10962,2.75,7.182276627767144,1
335000.0,2610,4,2009,17,4781,2.5,5.445646132425215,0
492000.0,2810,4,1994,32,10840,3.75,5.808315852018175,1
250000.0,1510,3,1976,50,10384,2.5,9.165962342370147,1
700000.0,1910,3,1959,67,4800,1.75,8.825915625711533,1
545000.0,1700,3,1931,95,51649,1.75,15.595020658875542,1
555000.0,2020,4,1976,50,10720,2.75,11.576590243165786,1
640000.0,2340,3,1917,109,4206,1.75,2.4161326575994844,1
390000.0,1463,3,2003,23,868,2.0,4.592621622160846,1
466500.0,1430,3,1945,81,3840,1.0,3.617533038191585,0
372500.0,1180,3,1981,45,12324,1.5,1.8651901487808207,1
1800000.0,4400,5,2003,23,15580,4.5,7.867957942471902,0
255000.0,1610,3,1994,32,6176,2.5,5.869957474850149,1
466800.0,1480,3,1996,30,14250,2.5,12.390349229726393,1
749000.0,2670,3,1987,39,10338,2.5,8.960035053664333,1
610000.0,1830,4,1990,36,29110,1.75,7.749439527012385,1
356000.0,920,2,1914,112,4095,1.0,11.381277699002565,1
165000.0,1150,3,1908,118,19200,1.0,12.50310108657606,0
229000.0,1190,2,1941,85,7408,1.0,8.227893110405848,0
530000.0,4160,4,1973,53,35654,3.25,11.451347703450505,0
499950.0,2370,3,2001,25,12753,2.5,4.67228228982956,1
619000.0,1660,4,1926,100,3800,1.75,4.643379671786841,0
547000.0,1480,3,1968,58,8381,2.5,9.942445859112558,1
359800.0,2390,4,1999,27,6426,2.5,11.938958917803827,1
499000.0,1690,3,2008,18,1432,3.5,9.916130584816568,0
189000.0,1010,3,1958,68,7560,1.0,5.045451734641178,0
799000.0,3500,4,1994,32,8547,3.5,3.350547700132967,1
257000.0,2330,4,1990,36,7642,2.75,6.951058740733611,1
270000.0,1890,3,1957,69,9450,1.5,1.584681903311445,1
453500.0,2000,4,1959,67,6032,1.75,7.175903142554345,1
237000.0,1130,3,1954,72,10650,1.0,6.687192241103994,1
456000.0,1670,4,1947,79,9886,1.75,5.579090494395273,0
355500.0,2600,3,2004,22,5540,2.5,1.3238907981996144,1
299950.0,1560,4,1965,61,31299,1.75,12.800600319709151,1
335000.0,1170,3,1919,107,5360,2.0,4.473897481014266,1
268500.0,2100,4,2006,20,4237,2.5,2.3376494928691365,1
385000.0,1710,3,1978,48,11500,2.25,1.0,1
376000.0,2420,4,2005,21,5773,2.75,6.0720552848480915,1
605004.0,1370,4,1951,75,4000,2.0,11.116754790009232,0
886000.0,2660,4,1923,103,3900,2.0,10.76377764364361,0
560000.0,2260,4,2003,23,3713,2.5,4.371311230241185,0
343000.0,2070,4,2004,22,4500,2.5,4.093363818914659,0
1415000.0,4670,4,1989,37,43950,5.25,15.19632276822507,1
270000.0,1500,3,1968,58,13500,1.0,4.704843682435126,0
411605.0,2658,4,2014,12,3960,2.5,6.697375699458398,1
550000.0,2700,4,2007,19,5150,2.5,8.328240835154071,1
465000.0,1530,3,2014,12,1245,2.25,8.929799671652923,1
584000.0,1480,3,2007,19,1485,2.5,4.996537770560141,1
275000.0,1390,3,2006,20,1080,3.0,4.604978749469103,1
324500.0,1660,3,2009,17,3990,2.5,3.164052239730317,0
700000.0,2050,3,2011,15,4185,2.5,3.3563589378804197,1
385200.0,1550,4,1954,72,7740,1.0,5.86856332429542,1
270000.0,1900,4,1975,51,8600,2.25,7.822096520448534,1
735000.0,2820,4,2013,13,6180,2.5,8.976753878699748,1
389250.0,1490,2,1956,70,4080,1.5,3.4064631479589655,1
315000.0,1750,3,1954,72,12500,1.5,11.978065706878565,1
545000.0,2040,4,1990,36,6034,2.5,5.393429196872294,1
550000.0,1900,3,1926,100,5000,1.5,5.935898116954691,1
415000.0,1910,3,1977,49,12596,1.75,5.2775649625565295,0
387500.0,1560,3,1953,73,14333,1.0,1.0,0
432000.0,1470,3,1939,87,6250,1.75,8.90213618908315,1
402000.0,2700,3,1959,67,9994,2.5,9.2093316912773,1
1035000.0,3450,4,1960,66,11240,3.25,6.40401732864536,1
294700.0,1970,3,1967,59,9600,2.0,7.120972151674616,0
744000.0,2670,3,1986,40,12187,2.5,8.985217653112299,1
715000.0,2550,3,1990,36,13458,2.5,3.0039624293403717,1
500000.0,1720,4,1904,122,4011,1.0,4.215041967961115,0
1300000.0,4270,4,2004,22,6002,4.0,8.583194038865482,1
1150000.0,2170,3,1979,47,16600,1.5,4.557131730492252,1
650000.0,2840,4,1990,36,9354,2.5,7.751473796499888,1
435000.0,3270,4,1983,43,50994,2.75,11.129054586129785,0
510000.0,1480,3,1974,52,7040,1.75,7.807289947300578,0
525000.0,2440,5,1972,54,8000,2.75,6.493075553107549,1
920000.0,2880,4,1928,98,5750,2.75,1.3046045522834717,1
200000.0,1730,2,1962,64,9610,1.0,10.416218063371513,1
435000.0,1260,2,1926,100,4080,1.0,3.6122252696058523,0
809950.0,2230,4,1959,67,9900,2.0,4.549242688956857,0
1370000.0,2460,2,1936,90,16940,2.25,8.989707591692829,1
455000.0,2050,4,1959,67,94525,1.75,27.350912048286148,0
471000.0,2030,3,2001,25,2805,2.5,2.513534543064809,1
253500.0,810,2,1948,78,4800,1.0,6.145039549543915,1
185000.0,1840,3,1953,73,8100,1.0,7.9064495009917195,0
535500.0,1730,3,1983,43,40250,1.5,15.129316821789434,1
835000.0,2280,2,2002,24,6815,2.0,6.8923246658316755,0
589500.0,2630,4,2008,18,6326,2.5,5.164116482750034,1
680000.0,2270,3,1975,51,23900,2.25,7.297229338053842,1
360000.0,1020,3,1953,73,7020,1.75,6.6624316491391244,0
595000.0,1990,4,2005,21,2175,2.5,2.218582964043179,0
300000.0,2680,4,1999,27,15508,2.5,1.0,1
660000.0,1980,3,1926,100,3300,1.75,6.9696794124730035,1
570000.0,2400,3,1993,33,6975,2.5,9.106804523258585,1
285000.0,780,2,1943,83,5000,1.0,1.0,1
435000.0,980,3,1940,86,5000,2.0,2.9708078858701876,0
160000.0,1210,3,1918,108,103237,1.0,27.504862783015593,0
805000.0,4600,5,1956,70,19831,2.5,15.138686409135097,1
450000.0,1480,3,2005,21,1961,2.5,5.454581123026224,1
510000.0,1320,4,1954,72,14250,1.5,5.6659911763125965,1
1120000.0,4400,5,1963,63,18500,2.75,8.15131067668548,0
1280000.0,3010,4,1999,27,3600,3.5,9.844629257444554,1
539000.0,2260,3,1985,41,9568,2.0,4.975707462626394,1
407193.0,1880,4,1978,48,14653,2.0,5.533023980049239,1
320000.0,1370,3,1983,43,9900,1.75,5.531769433453903,1
739000.0,2720,4,1919,107,3800,3.0,2.9000141752238626,1
452000.0,1740,2,1946,80,5400,1.75,6.448010947984387,1
600000.0,2560,4,2001,25,5593,2.5,10.992635375408682,0
279000.0,2690,5,2012,14,5557,2.5,7.0806378193480874,0
895000.0,3240,4,2013,13,5562,3.0,5.355339493621138,0
585000.0,2430,4,2008,18,4747,2.5,5.0739661932533675,1
405000.0,1405,2,2007,19,1073,2.0,1.0,1
837219.0,3030,5,2014,12,7679,2.75,9.185129331441477,1
969990.0,4150,4,2014,12,8436,2.5,6.453688408961594,1
490000.0,1730,3,1985,41,2940,3.0,5.046560259228123,0
611000.0,3820,6,1974,52,53173,2.5,25.213922703534585,1
462000.0,3070,4,2006,20,6432,2.5,7.182658725097059,1
540000.0,1780,4,1994,32,4169,2.5,3.578426849714447,0
260000.0,1811,4,2007,19,4381,2.5,4.59712721138337,0
510000.0,2450,4,1976,50,62290,2.25,20.903337127590262,1
567500.0,2300,3,2001,25,7398,2.5,6.819411231613293,1
445000.0,1440,2,1915,111,3225,1.0,1.3301660650478997,1
684680.0,2370,4,1979,47,9360,2.25,9.62968680372561,1
2700000.0,4420,4,2001,25,7850,3.25,4.565567743383019,1
455000.0,1300,3,1927,99,3550,1.0,11.329893328652638,1
540000.0,2870,5,2007,19,4369,3.0,9.113944197143946,0
530000.0,3400,3,2009,17,7200,2.75,5.098034313023746,1
410000.0,1410,3,1956,70,5060,1.0,9.855049085205339,1
450000.0,1640,3,1940,86,13500,1.75,7.90356653158221,1
609900.0,3190,4,2006,20,7399,2.5,9.038121025366658,1
648000.0,2380,4,1992,34,13435,2.5,9.141198451883424,0
550000.0,2260,3,2005,21,4165,2.5,3.2939300350273797,1
347000.0,1240,3,1978,48,8050,1.75,4.679350503047615,1
1635000.0,4220,5,1958,68,26784,3.5,13.446682452743485,1
1339000.0,4250,4,1972,54,19387,2.5,7.873074003680378,1
288350.0,1860,3,1963,63,7963,1.5,5.38165461027401,1
1150000.0,2850,3,1954,72,10474,2.5,4.229432261951941,0
525000.0,2470,3,1980,46,36445,3.0,13.559797196780384,1
250250.0,2210,3,1969,57,8000,2.25,12.787574757729434,1
341000.0,1920,4,1975,51,7665,1.75,3.330401257237181,1
700000.0,3150,4,2000,26,7778,3.0,6.6282583700182744,0
390000.0,2700,4,1968,58,7875,1.75,10.811661666246287,0
539950.0,2190,3,1963,63,7149,2.25,6.190875826262855,1
552000.0,1380,2,2006,20,951,2.5,6.547315388749201,1
250000.0,2520,5,1928,98,5753,1.5,2.9634194155593607,1
502000.0,1300,3,1963,63,8800,1.75,8.044921291622945,1
480000.0,2220,4,1964,62,6500,1.75,5.738567204986353,1
378500.0,730,2,1946,80,7528,1.0,9.462789987039589,0
1350000.0,3300,4,1985,41,15907,3.25,11.743558154694254,0
1900000.0,4130,4,1978,48,112521,3.25,35.272890926055844,1
605000.0,2670,3,1981,45,47480,2.5,16.234899519640727,1
307550.0,1980,4,2003,23,5909,2.5,7.1591889497464996,0
304700.0,740,2,1949,77,5995,1.0,6.782152904732008,0
568000.0,2050,3,1977,49,3520,1.75,4.644501121567934,1
385000.0,1230,3,1987,39,7500,1.75,7.515451530385073,1
345000.0,1210,3,2008,18,1420,2.5,4.3977957695829115,1
435000.0,1890,3,1973,53,7200,2.25,6.945382928808843,1
579000.0,1870,2,2003,23,6275,2.0,10.20779260682388,1
236000.0,1330,3,1998,28,6301,1.75,3.240572304161077,1
305100.0,1590,3,1974,52,35988,2.0,15.617235683387138,0
368000.0,1710,3,1958,68,10800,1.75,11.111345202019596,1
255000.0,1200,2,1917,109,9000,1.0,6.445794419026764,1
400000.0,1140,2,1942,84,5100,1.0,1.0,1
440000.0,2240,3,1948,78,8153,1.75,4.807134038716702,0
417000.0,920,2,1919,107,6600,1.0,10.210983639683327,0
435000.0,800,2,1906,120,5000,1.0,5.931395813103354,1
475000.0,1980,4,1952,74,11443,2.75,4.290693303115268,1
563500.0,2800,4,2001,25,12831,2.5,6.0518752363153485,0
285000.0,1680,3,1987,39,35127,2.25,14.54726007951366,1
471000.0,2330,4,1998,28,9928,2.5,8.625800704604139,1
500000.0,2240,4,1965,61,9886,1.75,6.260403702490917,1
640000.0,2140,3,1991,35,8925,2.5,5.684526764555938,1
442500.0,2170,4,1992,34,14024,2.5,6.629525552868534,1
213400.0,1150,3,1963,63,8686,1.5,3.969969446504492,0
831000.0,2030,4,1926,100,3905,2.5,10.627127068408324,1
325000.0,1350,3,1986,40,11805,2.0,6.394038592365981,1
425000.0,910,2,1905,121,4635,1.0,9.57847556247649,0
550000.0,2700,4,1968,58,5100,2.5,10.583948155767354,1
599950.0,3730,4,1991,35,15029,3.5,11.000732694443881,1
1225000.0,2740,4,1984,42,16007,2.5,6.906539061845854,1
750000.0,2050,4,1987,39,5000,3.25,7.211190271009828,1
290000.0,2390,4,1974,52,4500,3.0,5.827413180827252,1
270000.0,1990,4,1999,27,7252,2.75,3.7392944178096155,1
229950.0,1300,4,1969,57,21000,1.75,10.173077845164809,1
234999.0,1330,3,1948,78,8912,1.0,3.2452806265205925,0
265000.0,1000,2,1960,66,31505,1.0,14.864038165384692,0
367300.0,2190,4,1993,33,14937,2.75,6.593548108104821,1
550000.0,1380,3,1900,126,3402,1.75,6.283878967618517,1
743700.0,2610,4,1988,38,33206,2.5,12.491063614638428,1
352750.0,1060,2,2008,18,1241,1.75,4.471485078887768,1
403950.0,710,2,1943,83,1136,1.0,6.987281404425824,0
980000.0,2730,4,1909,117,4800,2.5,4.535289030132427,1
585000.0,2470,4,1937,89,131790,1.75,33.97189189237173,1
554000.0,1760,3,1977,49,10780,1.75,3.118060959259755,0
546000.0,1530,3,1998,28,3464,2.5,6.071938738639235,1
280000.0,1610,2,1948,78,158558,1.75,42.528386997174856,1
212500.0,1030,2,1938,88,21712,2.0,6.341406026183275,0
739000.0,2800,4,1999,27,246114,2.5,50.0,0
428000.0,1310,3,1986,40,2550,2.0,7.051723548976745,0
965000.0,3160,4,1981,45,34560,2.25,12.450745345818794,1
364900.0,2500,3,1997,29,8304,3.0,7.712690297820678,1
559000.0,2070,3,1948,78,5386,1.5,7.54476139044299,0
213000.0,1980,4,1978,48,9000,1.75,8.70416440568531,1
620000.0,2590,3,2004,22,7237,2.5,9.776499525868669,1
240000.0,1910,4,1934,92,16320,1.0,9.493455970785536,0
852500.0,2630,3,1967,59,10100,2.5,6.296227036144372,1
600000.0,2630,3,2004,22,77972,2.5,22.612121103608196,0
410000.0,1960,3,2006,20,4400,2.5,11.579645804685647,1
328000.0,1440,3,1977,49,45302,1.75,13.662498760852278,1
625000.0,2210,3,1958,68,16200,1.75,5.316412085988076,1
649950.0,2350,4,1994,32,63162,2.5,20.953642007860918,0
235000.0,1590,3,1944,82,13000,1.0,7.238856508139205,1
489000.0,1500,3,2004,22,1249,3.5,1.0,1
536000.0,1900,3,2005,21,6224,2.5,8.787065031451265,0
400000.0,2370,4,2013,13,3692,3.5,4.132415442138232,1
398000.0,1720,3,2004,22,1715,2.5,5.0714001530875175,0
379000.0,2020,4,1960,66,7560,1.5,7.507940991707044,1
345000.0,1340,2,2008,18,1210,1.5,5.8134990393371995,1
365000.0,1800,3,2011,15,2700,2.5,7.668355451417119,0
315000.0,1480,3,2010,16,1590,2.5,4.01154088829047,0
571000.0,2750,4,1916,110,7807,2.0,8.100717394528248,1
1025000.0,3760,5,1983,43,28040,4.0,9.82935996724825,1
695000.0,2540,3,2005,21,4694,2.75,8.155231442662508,0
225000.0,1760,3,1979,47,26055,1.75,12.05710245203916,1
740000.0,3000,3,1995,31,25341,2.5,7.261883893866215,0
315000.0,1930,4,1992,34,9643,2.5,10.186546348525097,1
1230000.0,3040,4,2001,25,7000,2.5,4.792109664657856,1
420000.0,860,2,1916,110,3880,1.0,8.200173394843436,0
310000.0,1420,3,1984,42,7650,1.75,7.631861940204022,1
700000.0,2080,3,1954,72,3880,2.0,11.290551030385368,1
269000.0,1560,3,2003,23,4200,2.5,5.169602052884444,1
369990.0,1960,4,2002,24,7133,2.5,5.378649611645408,1
800000.0,1620,3,1926,100,4500,2.25,5.841741182336802,0
569000.0,3670,5,1952,74,10583,3.0,6.207060651497174,1
175000.0,1930,6,1971,55,8400,1.5,9.07982570582615,1
440000.0,1290,3,2000,26,1286,1.5,1.0,1
435000.0,1970,5,1986,40,15247,2.25,4.888352742560938,1
345000.0,1540,3,1955,71,6909,1.75,3.1783912352624206,1
558000.0,2180,4,1900,126,3870,2.0,8.624922775920727,0
475000.0,1490,2,1983,43,224334,1.75,50.0,0
490000.0,2220,3,1980,46,10275,2.0,6.741652344387585,0
335000.0,2430,3,1978,48,9133,1.75,6.320134830429968,1
350000.0,1392,2,1978,48,43710,0.75,13.952156489339545,1
100000.0,1120,4,1939,87,2685,1.0,9.022634907824571,1
417500.0,1390,4,1941,85,10800,1.0,4.377940597428278,1
253000.0,2040,3,1962,64,7281,1.75,7.171306948204355,1
1240000.0,2830,5,1923,103,7500,3.0,9.42559288934729,0
490000.0,3020,4,1994,32,8302,2.5,8.163682509819536,1
470000.0,2290,3,1965,61,14800,1.75,8.52874484979623,1
483300.0,1210,4,1955,71,11100,2.0,10.223138277701423,1
659000.0,2510,3,1996,30,6320,2.5,1.0,0
480000.0,2320,4,1910,116,4322,1.75,7.898025958592722,1
165000.0,970,3,1965,61,6600,1.0,4.357772950617729,0
659500.0,1820,3,1957,69,5500,1.75,1.0,0
219900.0,970,3,1967,59,7742,1.0,8.082007798574942,1
315000.0,1740,2,1924,102,3622,1.0,9.845375635488875,0
250000.0,1590,3,1984,42,7560,1.75,6.099654456116925,1
268000.0,1380,2,1943,83,5000,1.0,8.858623641608816,1
380000.0,1680,4,1959,67,11123,1.5,12.061434773965937,0
499000.0,1220,2,1926,100,3000,1.0,9.544743360752141,0
285000.0,1651,2,1946,80,18200,2.0,13.559893588114178,1
183000.0,1330,3,1973,53,9200,1.75,9.066382473215675,1
1070000.0,2940,3,1988,38,4622,3.0,6.150700916704778,1
429000.0,1410,3,2005,21,1246,3.25,1.0,1
403000.0,1100,2,1926,100,3598,1.0,4.981412535610154,1
375500.0,1530,3,1975,51,7200,1.5,3.910260214051424,1
1795000.0,5270,5,1977,49,17232,3.25,14.959228152493441,1
516200.0,2110,3,1919,107,5150,2.0,5.5023425627029905,0
385000.0,1720,4,1971,55,8750,1.75,7.119614420353457,1
515000.0,1800,3,1996,30,5001,2.5,7.6546561281214025,1
375000.0,2210,4,1999,27,9427,2.5,7.0162073391173605,1
650000.0,2560,4,1973,53,9731,2.25,12.031353121292259,0
306888.0,1010,2,1981,45,7719,1.5,4.675851914796644,1
870000.0,3340,4,1998,28,12248,2.5,8.03342236571173,1
310000.0,1740,4,1965,61,11075,1.0,4.987588242905855,1
251750.0,1320,3,1975,51,7200,2.0,2.479932466337882,0
366000.0,1520,3,1976,50,8625,1.75,4.889692727284143,1
429950.0,2010,3,1951,75,9480,1.5,6.784889608854764,0
710000.0,2440,3,2000,26,3427,3.5,4.397493326448219,0
895000.0,2550,5,1953,73,20875,2.5,7.097737060378433,1
149500.0,1010,3,1959,67,9450,1.0,2.671047608984498,1
310000.0,1780,3,1990,36,6771,2.5,6.104883282113916,1
555000.0,2180,3,1930,96,4976,2.0,1.4810388779069932,1
750000.0,2750,5,1937,89,7500,3.25,8.780167891068807,0
745000.0,3490,4,2006,20,7024,3.25,6.65211925880351,1
695000.0,2550,3,2001,25,45254,2.5,9.678145501605208,1
433000.0,1870,3,1959,67,7189,1.75,5.51017276885041,0
307000.0,1150,4,1947,79,8184,1.0,4.380330783228251,1
655275.0,2050,3,1962,64,11856,1.75,8.328723531257541,1
392000.0,1940,4,1990,36,6555,2.75,10.332351338069433,1
1180000.0,3630,5,2004,22,6000,3.75,1.0,1
359950.0,1890,3,1952,74,9100,1.75,7.165078237442252,0
360000.0,1630,4,1968,58,10375,2.0,6.594601613300079,1
566000.0,2440,4,1954,72,5000,1.75,8.014020229351397,1
700000.0,3100,5,1950,76,9825,2.75,7.604589884713067,1
415000.0,2090,3,2000,26,6045,2.5,3.9530920047835423,0
199500.0,920,3,1962,64,9812,1.0,6.005238193000145,0
749000.0,1580,3,1926,100,5000,1.0,3.6119224295895327,1
680000.0,1760,3,1960,66,8400,1.75,9.908021415795794,0
400000.0,2530,4,1978,48,7563,2.5,6.576534946015826,1
608000.0,2490,4,1983,43,9714,2.75,12.646372057259022,0
589900.0,3870,4,2001,25,35889,4.5,11.995817558556139,1
480000.0,2732,5,1975,51,9500,2.5,4.774779699268612,1
1059500.0,3230,5,2014,12,3825,3.25,1.223856822161518,1
915000.0,2930,6,2013,13,14980,3.75,2.5865809712321655,1
695000.0,3510,4,2001,25,9364,3.5,2.1203921709835303,1
899900.0,2580,4,2013,13,3909,2.5,6.583179953034451,0
499950.0,1060,2,2005,21,1208,2.25,6.767775069689802,0
533112.0,2790,4,2013,13,8853,2.75,2.0270278939035995,0
303210.0,2009,4,2014,12,5000,2.5,8.685114942228346,1
525000.0,2880,5,2006,20,8364,2.75,5.223616844949682,1
399950.0,710,2,1943,83,1157,1.0,5.671779035956648,1
850830.0,2070,3,1910,116,13241,2.5,12.484861884766273,0
371500.0,1370,3,1964,62,8336,2.0,9.357717947596596,1
522000.0,1730,3,1980,46,8400,1.75,5.874408056282503,0
588000.0,1680,4,1950,76,5000,2.0,3.326423323754138,0
276900.0,1350,2,1952,74,10096,1.0,1.0,0
248000.0,1510,5,1959,67,9078,1.5,4.6581400422727395,1
280000.0,1860,3,1989,37,6607,2.5,5.688009283516917,0
495000.0,3440,6,2007,19,4500,5.0,2.9384614185464484,1
665000.0,4250,6,1902,124,4400,3.0,5.4862290987230855,1
290300.0,860,2,1931,95,3874,1.0,6.0053556488763045,0
527000.0,1640,2,1921,105,4080,1.75,5.141432054575764,1
487028.0,1295,2,2007,19,1093,1.5,3.268592257529621,1
325000.0,1790,3,1978,48,27427,1.75,10.991364015900183,1
799000.0,2210,3,1916,110,6300,1.5,7.585821948708227,1
7062500.0,10040,5,1940,86,37325,4.5,9.193802767671462,1
354000.0,940,3,1965,61,10368,1.0,11.306397139238811,1
262500.0,1160,3,1962,64,8906,1.5,6.485435603147215,1
560200.0,1990,3,2004,22,3984,2.5,5.853348868834543,1
220000.0,1050,3,1942,84,6300,1.0,8.384643269769672,1
650000.0,1030,2,1928,98,5750,1.0,6.849648393790505,1
435000.0,1420,3,2004,22,2581,2.5,8.375609901739734,1
800000.0,2690,4,1909,117,4000,3.75,6.661372495605472,1
1010000.0,3760,4,1987,39,29224,2.5,9.007487876078686,1
200000.0,700,2,1953,73,4700,1.0,7.024510575618304,0
295000.0,2100,5,1999,27,5107,3.5,2.5902213780380148,1
580379.0,2240,4,1976,50,27820,2.75,10.88967911732957,0
875000.0,3470,4,1995,31,32109,2.5,11.322110028066618,1
515000.0,3370,3,1951,75,19585,2.5,8.292649428182381,1
599000.0,2790,4,1989,37,230868,2.5,50.0,1
285000.0,1870,3,2005,21,4060,2.5,1.0,1
290000.0,1520,3,1968,58,15090,1.75,6.371825276777116,0
355000.0,750,1,1946,80,20339,1.75,9.346334703423345,0
381000.0,1460,3,1954,72,11407,1.5,7.760969175992201,1
571000.0,2600,3,1988,38,7465,2.5,3.409974577222126,1
852600.0,3320,4,1977,49,11901,2.5,11.177323522594103,1
1085000.0,2340,5,1922,104,6000,2.5,3.6014754553564976,0
371000.0,890,3,1951,75,7200,1.0,9.34837160158021,0
514000.0,1720,3,1986,40,5899,1.75,7.461383085615054,1
386000.0,1270,3,2004,22,1318,1.5,3.3249180704685912,1
464000.0,2180,4,1989,37,7203,2.5,11.766532677828536,1
335000.0,2030,4,1963,63,13500,2.25,4.11908950473056,0
740000.0,2490,4,1979,47,17833,2.75,11.324062520830005,1
465000.0,1470,4,1955,71,5350,1.75,9.071746954128935,1
700000.0,2500,3,1948,78,7378,2.75,4.463739372770066,0
785000.0,4500,3,2004,22,21870,3.5,13.551395900192986,1
350000.0,1460,3,2006,20,1592,3.25,4.568260456203142,1
148000.0,620,1,1939,87,8261,1.0,7.518280887839571,0
530000.0,1550,3,1927,99,3680,1.75,6.516965516313662,1
349000.0,1430,3,2002,24,1002,2.5,4.797473775588356,1
240000.0,1360,3,1984,42,9760,1.5,9.384424819479346,1
330000.0,2210,3,1989,37,7557,2.5,8.891866161656639,1
735000.0,2460,4,1909,117,5100,1.75,1.0,1
545000.0,2180,3,1979,47,15693,2.5,12.051620728634457,0
214950.0,1570,3,1977,49,4875,1.75,1.0,1
657500.0,4140,4,2002,24,24190,2.75,12.935638613024974,1
476000.0,1140,3,1908,118,5500,1.0,9.48011541048275,0
2888000.0,8670,5,1965,61,64033,6.25,14.533700709354406,1
110000.0,800,2,1927,99,15000,1.0,6.767557136136245,1
292000.0,2414,4,2006,20,7693,2.75,3.2214859945421925,1
317000.0,1160,3,1952,74,8813,1.0,6.117836909133794,0
455000.0,3170,4,2001,25,10688,2.5,6.2134971474427765,0
1365000.0,4210,5,1995,31,17258,3.5,10.790581596808018,1
460000.0,2060,3,1929,97,4437,2.0,9.818326238358825,0
405000.0,1640,3,1948,78,7201,2.0,10.627251432369867,1
333000.0,720,2,1942,84,6686,1.0,4.650695920265093,0
427000.0,1860,4,1901,125,4736,1.0,5.319534378766417,1
742000.0,2810,4,1997,29,10986,2.5,2.1468854233371495,1
465000.0,2090,4,1965,61,9702,2.5,4.522789800511434,0
809950.0,3280,4,2001,25,6181,2.5,9.130754899292373,1
619400.0,2090,4,1927,99,3610,2.0,10.568748470644694,1
762400.0,2430,3,1949,77,14607,1.75,4.218353384360234,1
535000.0,2520,5,1978,48,49222,2.25,13.067007222541317,1
881000.0,2510,5,1925,101,4125,3.0,5.745782729123219,1
813000.0,3370,4,1948,78,6675,2.75,7.175483476458821,0
234000.0,1640,3,1910,116,5280,2.0,3.6271894402350617,1
308900.0,2250,3,1994,32,7294,2.5,7.730983133392269,1
450000.0,2300,4,1955,71,19250,2.5,7.428481958787251,1
547500.0,1650,3,2010,16,2262,3.5,5.409043187365163,1
399950.0,710,2,1943,83,1131,1.0,6.865052744011099,1
516000.0,2550,4,2007,19,8698,3.5,6.7588668094328135,1
250000.0,982,2,2006,20,846,1.5,3.860042328420294,0
475000.0,1630,3,2005,21,2520,2.25,5.175170588222507,1
415000.0,2550,4,2009,17,4500,2.5,5.634911122383994,1
545000.0,1240,2,2014,12,2150,1.25,4.3199669103536165,1
329950.0,2456,3,2012,14,7566,2.5,5.7368118119986935,0
1325000.0,3200,5,1965,61,20158,2.25,13.827541511514152,1
784000.0,3950,3,1989,37,111078,3.5,28.898358343823716,0
610750.0,2180,4,1984,42,7297,2.25,5.572959045912519,1
578000.0,3140,4,1966,60,9225,2.5,8.935863213532206,0
1485000.0,4030,4,2006,20,10800,3.75,6.15854153073197,1
501000.0,1970,3,1976,50,7972,1.75,10.113773912759925,0
465250.0,1940,5,1957,69,7642,2.0,7.6373265765942815,1
2250000.0,4860,5,1905,121,9453,4.25,6.568693567987314,1
1095000.0,3064,0,1990,36,4764,0.0,7.295950777430833,0
315000.0,970,2,1908,118,5665,1.0,1.4203715437945021,0
900000.0,2460,4,1957,69,44431,2.25,10.505897593270586,1
789500.0,3010,4,2005,21,6100,2.5,2.6382249808028337,0
678500.0,2460,3,1952,74,6600,2.0,6.74882928429112,0
342500.0,2080,3,2002,24,11375,2.0,12.472544998455277,1
860000.0,3960,4,2005,21,7012,3.25,13.096300438577897,0
306000.0,2490,4,2001,25,8124,2.5,8.538953304322272,1
580000.0,2060,5,1903,123,6000,2.0,7.702533424833371,1
405000.0,1330,3,1984,42,15678,1.0,2.732426797541783,1
510000.0,1600,3,1967,59,19200,1.75,7.211978600797934,1
173000.0,820,2,1965,61,10450,1.0,4.726648744275283,0
210000.0,1200,4,1968,58,7680,1.75,4.673457205246652,1
445000.0,1050,3,1947,79,5664,1.0,5.628368544245631,0
585000.0,1910,3,2007,19,1501,2.5,3.883928266908618,0
381000.0,1800,3,1950,76,6000,1.75,1.0,0
890000.0,2060,3,1966,60,8640,2.25,8.9717307683526,1
235000.0,1840,3,1985,41,9697,1.75,3.7211709227805807,0
480000.0,1250,3,2005,21,1103,2.5,5.938340592333448,1
575000.0,1510,2,1935,91,4032,1.0,12.02864800924992,1
350000.0,2300,4,1904,122,4600,2.25,3.16184622524073,1
259000.0,1490,4,1966,60,7560,1.5,1.0,1
599000.0,2820,5,1967,59,4608,2.75,5.063587334359667,0
210000.0,1130,4,1970,56,7840,1.5,9.870878904995713,1
1184000.0,3200,4,1948,78,7500,2.5,12.375042362661782,1
545000.0,1510,3,1909,117,5000,1.0,2.3113512166427492,1
299995.0,1970,3,1988,38,7500,2.5,7.990097669709565,1
440000.0,1210,3,1910,116,5750,1.0,4.754068629659841,0
699000.0,3280,4,1996,30,27441,2.5,10.170354937087591,0
795000.0,2420,3,1979,47,17859,2.0,16.504830041051104,1
445000.0,2460,5,1911,115,6846,1.75,1.8602890148145406,1
397990.0,1180,3,1948,78,11862,1.0,8.13361898448372,1
706000.0,1900,3,1942,84,6400,2.75,7.6830795152963,1
363000.0,1651,3,2008,18,1779,3.25,8.613158974818042,0
850000.0,2130,4,1972,54,11843,2.25,7.662549460412686,0
620000.0,1430,2,1929,97,3000,1.0,6.524151618512307,1
1228000.0,5730,4,1991,35,44947,2.5,12.814454297734626,0
333000.0,1910,4,1963,63,9244,2.5,7.656180823735322,1
743000.0,2110,3,1961,65,11250,1.75,6.220423173507768,1
448000.0,1630,2,1940,86,3780,1.5,7.620715669568153,1
485000.0,2470,4,1989,37,35073,2.5,10.905768991869097,1
489950.0,2640,4,1986,40,31941,2.25,12.519501181706561,1
498500.0,2990,5,1996,30,7420,2.75,6.3962115589450645,1
531000.0,2120,3,1988,38,9736,2.5,10.325350752316504,1
670000.0,2050,3,1956,70,6420,2.5,6.129818829234541,1
310000.0,1880,5,1997,29,5000,3.0,1.0,1
835000.0,2790,3,1977,49,12523,3.0,11.290364502141975,1
1688000.0,3000,4,1937,89,7500,2.5,3.782803097412143,1
495000.0,2140,4,2003,23,7245,2.5,4.48770098405354,0
495000.0,1769,3,1955,71,9300,2.0,5.073016117869524,0
440000.0,1710,3,1926,100,6556,1.0,10.434514279512452,0
280000.0,420,1,1922,104,6720,0.75,1.0,1
1070000.0,3270,4,1989,37,35445,2.5,21.502245600979982,1
1034500.0,2370,4,2003,23,10858,2.5,10.339770427198156,1
248000.0,1770,4,2003,23,5855,2.5,6.840716742387479,1
294000.0,2210,4,1990,36,8465,2.5,6.528317998151141,0
561000.0,1710,3,2004,22,4140,2.25,6.684662224572971,1
656500.0,2710,4,1919,107,4750,2.0,7.513367285138015,1
660000.0,2340,3,1925,101,2970,3.0,7.529646757850172,1
370000.0,1220,2,1947,79,17172,1.0,10.101213398010346,1
349950.0,1060,3,1966,60,9525,1.0,7.173742043765746,0
223000.0,910,2,1957,69,9869,1.0,6.381784739078022,1
560000.0,1880,4,1944,82,3880,1.75,5.322180149039465,1
594000.0,1870,4,1937,89,5200,1.75,5.455275158941957,1
600000.0,1480,3,1914,112,5400,2.25,9.481310290601193,1
315000.0,1880,3,1993,33,7000,2.5,8.180670166842585,1
430000.0,1890,4,1947,79,6000,1.75,1.0,1
440000.0,1560,3,1972,54,7392,2.75,8.446102329589284,1
312500.0,1070,2,1999,27,1200,1.5,5.824208584156325,0
1240000.0,4410,5,2006,20,14380,4.0,7.819873730662307,0
300000.0,1470,3,2008,18,1235,3.25,4.081444640733342,0
680000.0,2570,3,2007,19,3600,2.5,9.09233815995804,0
336750.0,1170,2,2009,17,1011,2.25,8.044779386368575,1
822500.0,2320,5,1926,100,4960,3.5,3.6733669965291726,1
589000.0,2440,4,1961,65,9600,3.0,8.141156861373606,1
863000.0,4120,4,1997,29,22370,2.5,6.559029796376143,0
210000.0,1440,2,1978,48,5680,1.75,1.9971455056332088,0
206135.0,1340,3,1978,48,11070,1.0,5.333848326230105,0
1125000.0,3010,6,2014,12,4360,3.75,8.459180417148277,1
285000.0,1840,3,1905,121,8601,1.75,9.579575136128259,0
230000.0,930,2,1986,40,7550,1.0,8.049256260291878,1
845000.0,4070,4,2002,24,115434,2.75,30.26208736054399,1
350000.0,1820,3,1976,50,9545,1.75,8.457534861344875,1
304000.0,1280,3,1947,79,8184,1.0,4.712355214331144,1
370000.0,900,2,1951,75,4600,1.0,7.215767634021821,0
810000.0,1980,3,1952,74,13503,1.75,10.101828575683047,1
440000.0,2010,4,1974,52,7575,2.25,8.777873989440723,1
1030000.0,2750,4,1905,121,4800,2.5,9.526740114423928,1
775000.0,3140,4,1939,87,10875,2.0,9.29991154160319,0
1335000.0,4200,5,1906,120,5800,2.25,7.214344622624749,1
235000.0,1900,3,1980,46,8540,1.75,9.918450714949282,1
499950.0,1830,3,1926,100,3000,1.0,5.52043622225282,0
622500.0,3320,5,1975,51,23760,2.75,7.1063760463168455,0
300000.0,2700,4,1966,60,10814,2.5,6.673599108168708,1
205000.0,1290,3,1976,50,6566,1.0,4.078492065580653,1
435000.0,1500,3,1997,29,8173,1.75,4.609065175076855,1
697000.0,3650,4,1978,48,48351,2.75,14.236643987853446,1
153000.0,1270,3,1944,82,6405,1.0,3.903740237000116,0
454000.0,2630,4,1979,47,39000,2.25,11.87611541108288,0
345000.0,1800,2,1987,39,26615,1.5,4.642155999138644,1
585000.0,1870,3,1927,99,2807,1.0,6.201281122118815,0
380000.0,2540,4,2000,26,6365,2.5,6.276616426086672,0
250600.0,1930,4,1981,45,8660,2.5,4.280734106795428,0
890000.0,2770,4,1974,52,13500,2.25,9.677737005297216,1
370000.0,2220,4,2001,25,5338,2.5,8.880310412879677,0
369500.0,1650,3,1961,65,9957,1.5,2.168720406893078,1
883000.0,3670,4,1999,27,54450,2.5,13.601825664301359,1
950000.0,3770,4,1989,37,35081,2.5,9.708772950638107,1
615000.0,2350,3,1978,48,20820,1.75,6.344290696673406,1
305000.0,1210,3,1983,43,5240,1.5,8.536424525795246,0
590000.0,2010,4,1989,37,7972,2.5,6.01292158368159,1
485000.0,1580,3,1985,41,6065,2.5,5.419455476068168,1
215000.0,710,2,1943,83,7200,1.0,1.0,1
430000.0,1910,3,1971,55,5040,2.0,7.914254090627679,0
324900.0,1880,4,2000,26,7965,2.5,2.8752248154395823,1
849900.0,2280,2,1990,36,641203,2.0,50.0,0
975000.0,3100,5,1973,53,10014,2.75,7.834930813874576,1
910000.0,2350,5,1993,33,4000,2.5,9.881975787515952,1
459950.0,1850,3,1919,107,6869,1.75,2.4473388026426637,1
325000.0,2070,3,1997,29,8337,2.5,1.0,1
513000.0,2020,4,1958,68,7070,2.75,6.965548634261085,1
475000.0,1580,3,1981,45,12177,2.25,12.83693354453256,1
419000.0,2690,4,1993,33,7947,2.5,10.306239058818312,0
760000.0,2420,4,1958,68,10285,2.5,7.685978245823877,1
1120000.0,2540,5,1954,72,6660,1.5,4.857091443103858,1
129000.0,1150,2,1950,76,30184,1.0,13.458167789911931,1
725000.0,3210,5,1968,58,12000,2.5,4.479361400886594,0
580000.0,2040,3,1992,34,4627,2.5,7.354473308068657,1
385000.0,1920,3,1921,105,4833,2.25,7.48301047749988,1
265000.0,1900,4,1958,68,10588,1.75,10.29822972249664,0
1735000.0,4310,3,1982,44,32093,2.5,19.697580116733235,1
330000.0,1070,3,2005,21,1155,2.5,6.408247901536301,1
665000.0,2790,4,1989,37,43091,2.5,12.091309122877504,1
799000.0,2860,3,2000,26,4442,2.5,5.811677063424017,1
589000.0,2250,3,1925,101,8800,2.0,1.452772285332645,1
1695000.0,3170,2,1900,126,3000,2.25,3.515860606732825,1
538000.0,1460,3,1906,120,7200,1.0,5.212152685660687,1
530100.0,1540,3,1926,100,3399,1.0,4.107534806196223,1
718500.0,2910,3,1900,126,6600,2.0,6.777064616101166,1
299000.0,1180,3,1962,64,13927,1.75,5.318140202853399,0
556000.0,1640,3,1948,78,7437,1.75,9.850492001973414,0
171000.0,1520,4,1920,106,19672,2.0,8.935021194754592,1
540000.0,3610,5,2003,23,9775,3.0,6.927099036584157,1
250000.0,1400,3,2012,14,3814,2.25,4.779115850461247,1
795000.0,3200,4,2007,19,3250,3.5,6.115572051576938,1
575000.0,1384,3,2006,20,1287,3.0,7.732694794002904,1
379500.0,1410,3,2005,21,1287,2.25,2.6560093528672986,0
385000.0,2050,4,2006,20,5276,2.5,4.08085053277423,1
415500.0,1750,4,2009,17,4779,2.5,5.044621913670006,1
397500.0,1510,3,1972,54,6710,2.0,2.304387229580356,1
530000.0,1930,3,2005,21,7214,2.5,3.985026420835507,0
883000.0,2960,4,1985,41,41656,2.5,11.902537379366024,1
850000.0,2920,5,1968,58,11880,2.75,9.999167542138181,1
496752.0,1980,2,1923,103,5000,1.0,6.787683987005775,1
330000.0,1430,3,1950,76,8865,1.75,7.353769734102633,0
735000.0,2450,4,2010,16,4187,2.75,8.390093886503916,1
525000.0,2360,4,2008,18,4924,2.75,5.57268463480181,0
269950.0,1890,3,2002,24,4838,2.5,7.138994549786669,0
650000.0,2140,3,1953,73,9484,1.75,6.587134741202511,1
520500.0,1900,3,1940,86,8100,2.0,7.416087048198886,0
652500.0,2700,4,1990,36,9122,2.5,5.076124027165253,1
506000.0,2430,5,1957,69,8000,3.0,1.0,0
416000.0,1110,3,1957,69,12150,1.0,7.0271625134410876,1
500000.0,2280,4,1960,66,15347,2.75,12.33764440829982,1
460000.0,1550,3,1949,77,4708,1.75,8.720246206724777,1
371025.0,1530,3,1977,49,8925,2.0,9.681192453773512,1
576000.0,2440,4,2002,24,28405,2.5,14.389392165418656,0
353500.0,1760,4,1987,39,9602,2.25,7.1863727728843125,1
1735000.0,3040,4,1926,100,5000,2.25,6.591947122216787,1
183000.0,1070,3,1957,69,8100,1.75,4.76704431369695,1
763101.0,1990,3,1939,87,5560,1.75,5.163781431918851,0
460000.0,1090,2,1951,75,4000,1.5,7.647313449313424,1
825000.0,1890,4,1919,107,6938,1.5,9.999253311506449,1
265000.0,1000,3,1969,57,9150,1.0,6.411661172957001,1
295000.0,1770,3,1960,66,8235,1.75,5.2964322054457655,0
418000.0,2360,4,1960,66,6250,3.0,6.251583876569792,1
554000.0,3380,3,1999,27,108900,3.5,28.583620246787344,1
534500.0,1700,3,2005,21,3150,2.5,1.2984355515993746,1
690000.0,1600,2,1918,108,4000,1.75,1.0,0
530000.0,2050,4,1988,38,6360,2.5,4.6203894515252495,1
357186.0,1210,2,2014,12,1040,1.75,1.5458627222575245,0
300000.0,1940,5,2007,19,6355,3.0,4.746579407058068,1
304000.0,1810,4,1967,59,8750,2.0,6.306659043547586,0
385000.0,1690,4,1984,42,4080,1.75,4.45625477293096,0
415000.0,1800,4,1923,103,2970,2.0,9.951402603412237,1
963000.0,3280,4,2007,19,6603,3.5,7.30083429380696,1
792500.0,4290,4,2004,22,175421,2.5,40.98562307883249,1
309212.0,1150,3,1979,47,9600,1.75,8.786621432130206,1
235000.0,880,2,1999,27,1805,1.5,1.9445006466576924,1
667000.0,1720,3,1907,119,8100,1.5,9.737335362260806,0
470000.0,1510,3,1956,70,8000,1.5,6.37270714039362,1
375000.0,1240,4,1908,118,3000,2.0,7.6114418517236375,0
410000.0,1580,4,1953,73,9581,2.0,3.7006283008795338,1
566000.0,2170,4,1987,39,7737,2.25,1.8861237019518065,1
680000.0,2500,4,2010,16,4950,2.75,8.443668974075086,1
332000.0,960,1,1908,118,2640,1.0,6.65722857829255,0
902000.0,3030,4,2003,23,8507,2.5,3.9952453369274683,1
500000.0,1540,3,1947,79,10800,1.75,4.551010756175917,1
445000.0,1890,3,1976,50,32340,1.75,14.844304353244308,1
825000.0,2810,4,1973,53,9800,2.5,3.3917643213980164,1
1095000.0,3530,4,1958,68,8400,4.0,11.60801885976789,0
277000.0,1100,3,1957,69,8536,1.0,4.005337796056394,1
545000.0,1940,3,1975,51,9775,2.5,8.87017577682515,1
435000.0,2300,3,2003,23,9521,2.5,5.918344572753045,1
638000.0,2110,3,2005,21,3600,2.5,7.529562293247029,1
418000.0,1220,4,1965,61,10580,1.5,5.483657993657422,1
499000.0,1750,3,1968,58,12325,1.75,6.9766212817831175,0
150000.0,1230,3,1949,77,8056,1.5,6.733957526187163,0
759950.0,3100,3,2002,24,23790,2.5,6.7514376326555805,0
427000.0,1830,3,1991,35,65340,2.5,20.290473036260376,1
632500.0,2640,5,2003,23,7096,2.5,4.879559300585244,0
660000.0,1840,6,1900,126,2774,1.75,4.869000253979944,1
862000.0,3190,4,1990,36,14565,2.5,4.929951876174464,1
524000.0,1120,2,1910,116,2000,1.0,1.0,0
470000.0,1760,3,1958,68,6723,1.5,5.771516712199492,0
385000.0,1590,3,2000,26,9912,2.0,14.220246264838748,1
575000.0,2120,4,1985,41,9603,2.5,9.27441286369407,1
220000.0,2240,4,1988,38,9826,2.5,6.907418860796817,1
460000.0,890,2,1919,107,2100,1.0,4.631327512375197,0
1712500.0,2940,3,1978,48,5432,3.25,6.153797678436139,1
175000.0,1220,3,1973,53,7300,1.5,8.10135734552563,0
465000.0,2670,3,1966,60,7500,2.25,2.9575615540734654,0
552000.0,1120,3,1912,114,2300,1.0,8.802965084006615,0
565000.0,3130,4,1981,45,139392,2.75,35.02454394632373,1
518000.0,1740,4,1976,50,7500,2.5,8.654557177123802,1
899950.0,3290,4,2006,20,5414,3.5,7.398227216429182,1
373000.0,1770,3,1926,100,5720,1.0,6.20284997308197,1
385000.0,2960,4,2006,20,5054,2.5,8.02938370790046,1
245000.0,1200,2,1943,83,4880,1.0,7.751442401224134,1
375000.0,2400,4,1913,113,6000,2.0,5.137877867176929,1
699850.0,2690,4,2002,24,6164,3.5,4.5119946813092975,1
450000.0,3550,6,1948,78,11780,2.25,7.66156888578596,1
455000.0,1310,2,1970,56,12196,1.5,12.086260454485561,1
650000.0,2610,4,1910,116,4160,2.75,2.114678773038297,0
378000.0,2760,5,1960,66,8015,2.5,2.2004242027426795,1
220000.0,1410,3,1940,86,7998,2.0,7.09388252370955,0
285500.0,1960,4,1967,59,7950,1.75,6.742663105568054,1
340000.0,1212,3,2004,22,1174,2.5,5.7548249931112245,1
921000.0,2220,4,1954,72,9496,1.5,7.631059593725501,0
375000.0,2040,4,1973,53,109336,2.5,26.197593236095585,1
999000.0,2800,4,1992,34,19168,2.75,13.303190315806248,1
335000.0,2040,3,1957,69,6000,1.5,1.3972880645704535,0
1920000.0,3070,4,1950,76,34412,2.5,9.396908925659263,1
385000.0,830,2,1928,98,26329,1.0,9.956035719552856,0
850000.0,4140,4,2003,23,7089,3.5,1.488233566537498,1
429000.0,2340,5,2009,17,4500,2.5,5.372436786703787,1
523950.0,1420,3,2006,20,1282,2.25,10.240810497184054,1
798800.0,2670,3,2013,13,3738,2.75,5.810259464887886,1
284000.0,1880,3,2009,17,6008,2.5,6.89370271715605,0
852880.0,3450,4,2014,12,6184,3.25,2.4563057044822587,1
320000.0,1200,3,2005,21,1400,2.25,3.4309157758815676,1
749995.0,3430,4,2014,12,9870,3.25,5.848410859028189,1
468500.0,1350,3,2007,19,1186,2.5,4.284054709731297,0
492500.0,2570,5,2006,20,9962,2.5,10.837331385011307,1
685000.0,2840,4,2008,18,4637,3.5,7.600473182175374,1
542525.0,2650,4,2014,12,5600,2.5,2.785626129188904,1
435000.0,1980,3,2007,19,2674,2.0,6.2743143352960145,1
242000.0,1280,3,1988,38,7524,1.75,7.999465245490355,0
325000.0,2610,4,1987,39,7091,2.5,9.838647115563798,0
837700.0,3010,5,1994,32,12611,2.75,12.26382205970512,1
210000.0,930,1,1948,78,7129,1.0,3.380517424516394,0
187500.0,1180,3,1977,49,7000,1.5,3.967427466368986,1
560000.0,1710,5,1926,100,9100,1.0,3.0472664232561515,1
272000.0,1380,3,1989,37,7476,2.0,5.793140422679056,1
235000.0,1190,3,1968,58,7280,1.75,7.855075123339003,0
259000.0,1870,3,1986,40,5909,2.0,9.143803549767306,1
866059.0,3130,5,2014,12,4797,3.5,5.731546929072432,1
473000.0,900,2,1909,117,5100,1.0,5.060457430235468,1
405000.0,1880,3,1968,58,7400,1.5,6.935273976746221,1
870000.0,3010,4,1951,75,4887,4.25,3.471971295109931,1
475000.0,2280,3,1985,41,5750,2.25,12.41861616508432,0
499500.0,2970,3,1998,28,21907,2.5,4.558416918645824,1
386000.0,1620,2,2008,18,3196,2.5,6.193421736687173,0
458000.0,1550,4,1918,108,3000,1.5,11.670818657688917,1
550000.0,2240,3,1976,50,78225,1.75,20.66539953367999,1
605500.0,2830,3,1989,37,6536,2.5,5.737082894995517,1
421000.0,2890,3,2000,26,21780,2.5,8.28366373156872,1
536000.0,1990,4,1991,35,5948,2.25,5.648424954712777,1
247200.0,1370,3,1982,44,8719,1.75,10.862345424029591,1
250000.0,1088,2,1983,43,1360,1.5,1.0,0
204950.0,1740,4,1978,48,9344,1.75,11.469101103888978,1
430000.0,1730,3,1978,48,9000,2.0,2.528128542649564,1
250000.0,1800,4,1998,28,8100,2.5,5.820043012296756,1
260000.0,1440,3,1958,68,12888,1.75,6.289866739104015,1
547000.0,1720,4,1926,100,2800,1.0,7.32565980931216,1
379900.0,2800,5,1995,31,7350,3.5,1.6756269443487568,1
738500.0,2300,3,2005,21,6009,2.5,7.588317998245829,0
545000.0,2030,4,1967,59,11585,2.25,13.389928869860558,1
342000.0,740,2,1948,78,6180,1.0,2.1464779862215684,1
4668000.0,9640,5,1983,43,13068,6.75,8.182718502831186,1
170000.0,1920,4,1966,60,13787,1.0,5.771453466610174,1
616000.0,2490,4,1983,43,12929,2.5,8.863461618579107,1
640000.0,1380,3,1948,78,4800,2.0,6.0174433322472565,1
332000.0,1530,3,1993,33,9406,2.5,4.956739272867071,1
1010000.0,2420,3,2006,20,1923,3.25,6.848216854613222,1
380000.0,2150,4,1991,35,37647,2.5,17.942444329360228,1
415000.0,1610,4,1967,59,9600,2.0,6.347288624818104,1
1008000.0,2650,4,2001,25,3060,3.5,7.771273826444546,1
669000.0,2700,4,1976,50,35362,2.75,8.192581126386509,1
260000.0,1270,3,1948,78,20700,1.5,6.270690869545975,0
854000.0,3150,4,1986,40,38865,2.75,14.190218833641133,1
605000.0,2010,3,1985,41,10760,2.25,11.604348085607896,1
320000.0,860,3,1927,99,5060,1.0,7.07884004635698,1
229950.0,1410,3,1983,43,7466,2.0,5.554025908430537,1
255000.0,1700,3,1987,39,7532,1.75,6.504274216270063,1
1170000.0,2570,4,2000,26,6251,2.5,2.498976798090847,0
479000.0,1230,2,2004,22,932,2.25,6.9999459790661,0
1200000.0,4170,4,2004,22,9748,3.5,9.596599186970227,1
472000.0,1180,3,2010,16,1262,2.5,3.896129001500759,1
198000.0,1430,3,1980,46,7347,1.5,5.059273556721496,1
440000.0,1450,4,1962,64,8400,2.0,7.477634688956146,1
506000.0,2180,3,1961,65,7700,1.75,5.229840791878214,1
382500.0,2210,4,1993,33,7079,2.5,6.2174021561225326,1
269500.0,1480,2,1978,48,7276,1.5,12.754365367499545,0
560000.0,2340,3,1971,55,3477,2.0,4.95432289776201,1
840000.0,3860,4,1996,30,18334,3.5,7.591779543936333,1
479500.0,2300,3,2008,18,4637,2.75,3.9847745830945227,1
402000.0,1450,3,1968,58,7375,1.5,8.70757591449981,0
549000.0,1380,2,2006,20,953,2.5,4.646927480345691,0
449950.0,2470,4,1999,27,3811,2.5,3.8140808850357217,1
493000.0,2030,4,1975,51,18295,1.75,12.622912096819036,1
142500.0,1440,4,1948,78,13300,0.75,11.918809013540912,0
250000.0,1160,3,1998,28,6134,1.75,4.425529302783884,1
729000.0,1580,3,1908,118,3840,1.0,1.0,0
465000.0,1430,2,2006,20,1425,2.75,8.307541069510766,1
465000.0,1494,2,1943,83,19271,2.0,6.800310522719989,1
280000.0,1930,4,1988,38,7207,2.25,8.813276797488307,1
675000.0,2740,6,1953,73,6360,1.75,1.0,1
667500.0,1880,3,1927,99,3800,2.0,8.437792014897926,1
809000.0,2590,3,1988,38,7720,2.5,2.910484212157657,0
400000.0,2140,3,1986,40,11266,2.25,9.445492357199573,1
310000.0,1870,4,1956,70,6000,2.0,6.242819203509303,1
435000.0,1230,2,1928,98,3800,1.0,2.898181741810065,1
465950.0,2340,4,2001,25,6896,2.5,5.158091061219658,1
1538000.0,2880,3,1958,68,7599,2.25,8.578755370870102,1
253000.0,880,3,1945,81,6600,1.5,6.6376833593457025,1
330000.0,3040,3,2003,23,7232,2.5,8.199638941417453,0
554000.0,1120,4,1946,80,7104,1.0,12.350121753546457,1
350000.0,1380,3,2013,13,3600,2.0,1.027275164866846,0
294999.0,1660,4,1994,32,9760,2.5,11.803637724905872,1
1185001.0,2500,3,1905,121,5568,2.75,6.426667812569638,0
752000.0,2940,4,1991,35,10382,2.5,4.380047855030615,1
451000.0,1670,4,2005,21,3315,2.5,1.6720591227830308,1
725000.0,2630,4,1994,32,7505,2.75,5.933638827668899,1
345000.0,2250,4,1975,51,7412,2.75,9.247350335773378,1
206000.0,1320,3,1967,59,7000,1.0,6.017352638867398,0
2027000.0,4100,4,1934,92,22798,3.75,14.093064790742043,1
2475000.0,4340,3,1993,33,4947,3.25,1.6358729298453234,1
1728000.0,3700,4,1976,50,20570,3.0,9.077733156461838,0
580000.0,2700,5,1962,64,10875,2.0,3.417819666760643,1
430000.0,980,3,1950,76,7200,1.0,7.530895647874903,0
720000.0,2650,4,1988,38,11520,2.5,9.964662170291902,1
824000.0,3670,7,1964,62,4000,4.25,4.53771461895684,1
936000.0,2960,3,1952,74,12420,1.75,1.0,1
535000.0,3070,4,2006,20,7201,2.75,7.037044440389484,1
286800.0,1413,3,2011,15,3600,2.5,7.030215655200529,1
350000.0,1260,2,2005,21,1347,2.5,6.482284264885093,0
345000.0,1680,3,2007,19,2229,2.5,9.153146575466462,1
435000.0,1230,3,2009,17,1238,2.25,2.034438961052854,1
1555000.0,4360,3,2008,18,6240,3.5,8.288648316351349,1
1325000.0,4420,4,2013,13,16526,4.0,11.882722537433924,0
461000.0,2770,3,2006,20,6278,3.25,1.0,0
770000.0,2910,3,1990,36,10204,2.25,7.999755477756931,0
1384000.0,4290,4,1997,29,12103,3.25,5.908060506976986,1
330000.0,1600,3,2005,21,26977,2.5,10.150831980695063,1
322500.0,1820,4,1994,32,6753,2.5,7.393629450615009,1
1600000.0,6050,6,2001,25,230652,5.0,49.66871430765934,1
475000.0,1700,3,1977,49,8432,1.75,4.659275762515165,1
250275.0,790,2,1942,84,11234,1.0,7.349257252464074,1
274500.0,1720,3,1969,57,9000,2.25,3.538262183411592,0
284950.0,990,3,1960,66,10723,1.0,3.887124613344444,1
264950.0,1770,4,1983,43,9011,1.75,8.840319848869509,1
242000.0,1260,3,1986,40,8092,2.0,3.172017894524032,1
913000.0,3640,4,1999,27,10576,2.5,9.114137502727635,1
555000.0,2040,3,1958,68,6000,1.75,7.587773878561854,0
711000.0,1980,4,1948,78,10800,1.75,1.9825798136282096,1
403500.0,3600,5,1968,58,17300,2.5,6.4273060429930355,1
975000.0,4270,4,1991,35,43386,2.5,17.25952820914212,1
253779.0,2030,4,1947,79,9600,2.0,3.976503406580955,1
384400.0,1689,3,2008,18,1388,3.25,3.884387213071837,0
646000.0,2870,5,1976,50,4461,2.75,7.278382679755689,1
415000.0,1270,3,1952,74,4800,1.75,8.310171527847785,1
764000.0,2790,4,1997,29,7938,2.5,5.832983341866513,1
507000.0,3850,5,2002,24,16249,3.25,6.457269415925076,1
545500.0,1560,3,1936,90,9361,2.5,11.139309585095523,1
450000.0,1180,3,1928,98,4080,1.75,11.032698991392737,0
264000.0,1820,4,1980,46,8118,1.75,9.560174152345386,1
650000.0,1260,5,1926,100,4500,1.75,6.155954427695073,1
365000.0,2640,3,1991,35,6715,2.5,3.9182028350772207,1
343566.0,1100,2,1954,72,4200,1.0,3.348666780330304,1
375000.0,1950,3,1997,29,6871,2.5,7.941742315797272,1
295000.0,1380,3,1966,60,8682,2.0,7.991594662666051,1
325000.0,2200,3,1977,49,7000,2.75,10.60479577883929,1
265000.0,2050,4,1963,63,7100,1.5,8.371350277608418,1
562000.0,2795,5,1996,30,15101,3.0,3.510959094720545,0
540000.0,2050,4,1989,37,34222,2.5,15.000242853168757,1
4489000.0,6430,4,2001,25,27517,3.0,7.5092181180567605,1
279950.0,2150,5,1970,56,7171,1.75,5.282286184142945,1
540000.0,1970,3,1963,63,8200,1.75,7.390600618755083,1
310000.0,2660,4,1960,66,12672,2.5,13.521402469351893,0
190000.0,720,1,1914,112,4800,1.0,15.289755668016081,0
440000.0,2410,4,2000,26,4780,2.5,7.776169177408548,0
1400000.0,2020,3,1937,89,5500,2.0,5.550410143838836,1
230000.0,1080,2,1958,68,9435,1.0,8.490516945441652,0
455000.0,1180,3,1981,45,14292,1.75,10.521366277621507,1
175000.0,660,2,1915,111,5000,1.0,5.037997123328425,0
650000.0,2920,3,1981,45,9370,1.75,12.259634067736968,1
3000000.0,4850,4,1989,37,12445,4.25,8.179212277574207,1
192500.0,1080,3,1900,126,8580,1.0,8.209229267274182,1
239950.0,1670,3,1978,48,6900,1.75,8.377772756163385,1
175000.0,1370,6,1931,95,5080,1.0,7.280759831843367,1
850000.0,3450,5,1972,54,28324,3.5,13.181621501408836,1
410000.0,1970,4,1961,65,10500,2.0,5.24824044035923,1
570000.0,2290,4,1996,30,6738,2.5,4.672694738161908,1
469000.0,2240,5,1966,60,7543,2.5,3.208137301084915,1
559000.0,1240,2,1938,88,6400,1.0,7.59850369186068,1
739888.0,2420,3,1989,37,43177,2.5,15.972209510536343,0
568450.0,3260,5,1969,57,58806,3.5,18.13451859845566,0
240000.0,670,2,1942,84,10920,1.0,12.207477300042612,1
574950.0,3160,5,1980,46,10000,3.25,6.983211943512861,1
180000.0,1990,3,1967,59,6350,2.25,8.276224966777537,1
1160000.0,4680,4,2005,21,9700,3.5,3.6648973715820565,1
300000.0,1700,3,2000,26,3575,2.5,4.5537008925767966,1
630000.0,2807,4,1996,30,9430,2.5,8.972613272697332,1
507000.0,1770,4,1968,58,9375,1.75,9.422306332229432,0
287500.0,2570,4,1979,47,9000,2.5,5.918099157007453,1
688000.0,3450,3,1983,43,16200,3.0,8.025202244425799,1
424000.0,1670,3,1972,54,7700,2.0,1.9863787599575717,1
400000.0,1050,3,1928,98,6150,1.75,5.158912397580172,0
620000.0,1910,4,1987,39,7683,2.5,9.207749490559358,0
300000.0,910,3,1971,55,7700,1.0,8.265615048319699,0
615000.0,2480,5,1978,48,12070,2.25,8.91599716414363,1
206000.0,1820,2,1921,105,8867,1.5,6.922721061542881,1
515500.0,2920,4,2003,23,7700,2.5,6.56118947588453,1
554000.0,1870,5,1961,65,11411,2.25,5.3012365815796585,1
825000.0,3810,4,1938,88,9792,3.5,9.054885260607605,1
855000.0,2190,4,1918,108,4080,2.25,7.078918833168169,1
315000.0,1730,3,1993,33,6368,2.5,7.749656543978398,1
299000.0,2220,5,1968,58,9360,2.5,5.293895471997258,1
650000.0,1320,3,1951,75,8114,1.5,1.0,1
465000.0,1510,3,1925,101,4800,1.75,9.251458135261087,1
535000.0,2120,3,2003,23,4080,2.0,4.379487631974787,1
564000.0,1690,2,2004,22,4500,2.0,3.3116727078706383,0
515000.0,1360,3,2007,19,1419,3.5,7.364236735741981,0
580000.0,3250,4,2008,18,5000,2.5,4.823962080242611,0
309000.0,1490,3,2010,16,1294,2.25,8.438609152139865,1
536751.0,1930,3,2013,13,6360,1.75,8.123017848730093,0
415000.0,2020,4,2010,16,5501,2.5,8.150907969601434,1
267000.0,1584,3,2012,14,2800,2.25,1.462132866398398,1
820000.0,3170,4,2008,18,8523,2.5,10.3404319561592,0
1399950.0,3870,4,2005,21,10046,2.75,7.792951593701568,1
485000.0,1430,2,2008,18,923,2.5,4.076768582261391,0
482000.0,1380,3,2008,18,1120,3.25,5.654165402026753,1
535000.0,2610,4,2008,18,4595,2.5,1.0,1
690000.0,1540,3,2013,13,1428,3.25,6.511558434442012,0
576000.0,1940,3,1948,78,9000,2.5,3.7118854754537853,1
378750.0,2160,3,1909,117,3000,2.5,1.5419891424693963,0
269900.0,1530,4,1968,58,8750,1.75,2.182922441346326,1
210000.0,1440,3,1983,43,7210,2.0,9.780065124969775,1
429900.0,2640,4,1987,39,8625,2.5,4.837209818921633,1
1525000.0,3620,4,1927,99,5131,3.25,10.627383129749497,1
360000.0,2850,4,2004,22,4650,2.5,4.3225956108431065,1
405000.0,1260,2,1947,79,4377,1.0,1.0,1
450000.0,1610,3,1955,71,11200,1.75,3.8904266801540226,0
703000.0,1360,3,1945,81,5980,2.0,9.903434860020816,1
661000.0,2496,4,1998,28,8058,2.5,6.143905466189998,1
580000.0,2160,4,1969,57,9593,2.25,5.273738110528197,1
464000.0,1320,3,1900,126,3625,1.0,6.205054677558363,1
945000.0,2540,2,2004,22,7089,2.5,7.923148208502635,0
659500.0,2620,4,1956,70,18362,3.0,12.024596447707381,0
200000.0,1140,3,1960,66,8340,1.5,11.013497689678779,1
280000.0,1790,3,1990,36,42399,2.0,12.400494062632742,0
1325000.0,2440,4,1902,124,3600,2.5,1.741856941753885,1
346150.0,2140,3,1966,60,7200,2.0,5.199604516630171,1
197500.0,1330,3,1905,121,5412,1.0,6.863241519748659,0
799000.0,2590,4,2001,25,7910,2.5,3.690723221368167,1
1309500.0,4750,4,2005,21,13912,4.5,4.910947255314872,1
350000.0,1620,2,1921,105,9205,1.0,7.872363644649656,0
720000.0,2440,4,1987,39,34290,2.5,11.712042945288648,1
519000.0,2020,3,1954,72,10744,2.75,7.247190986234759,0
590300.0,1470,3,1907,119,7200,1.5,4.1645139958997905,0
2200000.0,5990,5,2002,24,10450,4.75,6.398797857382698,1
410000.0,2520,6,1962,64,9324,2.75,4.092100567195087,1
437000.0,1440,2,2005,21,4225,1.75,8.51559523337436,1
221000.0,1640,3,1984,42,7350,2.25,9.575748004171258,0
380000.0,2150,4,1963,63,20181,2.25,3.4976364132857194,1
506000.0,1570,2,1952,74,8210,1.0,3.8534674194227696,1
395000.0,1980,4,1968,58,10350,1.0,2.5804122347297636,1
285000.0,1210,3,1901,125,4731,1.0,3.9961281967793054,1
311000.0,1900,3,1903,123,3000,1.75,5.349686090628917,1
520000.0,1940,3,1991,35,219527,1.75,44.55646434090441,1
435000.0,1310,3,1948,78,8065,1.75,3.84742056062406,1
120000.0,990,2,1945,81,39964,1.0,9.980927883755504,1
1440000.0,3870,3,2002,24,3819,3.5,6.385601988196831,1
186000.0,1340,3,1912,114,4320,2.0,6.0720330111087515,1
756000.0,2160,4,1947,79,5600,2.25,3.9547873399882403,1
248000.0,2080,4,1950,76,13510,2.0,8.232462616418195,1
287000.0,1300,3,1933,93,11374,2.0,5.634759746238204,1
510000.0,2610,4,1998,28,8031,2.5,5.791234669021841,1
249000.0,1050,3,1959,67,8498,1.0,11.719956270895612,1
340000.0,2480,3,2004,22,6112,2.5,10.243783155371045,1
399888.0,1820,4,1930,96,8255,2.25,2.7522562892172067,1
440000.0,1170,3,1968,58,8740,1.75,9.237197253637524,1
899000.0,2370,4,1959,67,6000,2.25,8.634189663474777,1
540500.0,3090,5,2014,12,7415,3.75,3.0382101337421457,1
385000.0,2310,3,1978,48,11200,1.75,9.696332931264582,0
558000.0,2060,4,1962,64,10358,2.25,11.685395755237659,0
600000.0,2540,3,2007,19,237402,2.0,49.112765581266764,0
450000.0,2400,4,2003,23,7693,2.5,3.786091536957209,1
232500.0,1320,3,1961,65,8450,1.0,9.742984400530506,1
436000.0,790,2,1949,77,6600,1.0,7.134485932476944,0
240000.0,1790,4,1960,66,14690,2.0,9.59242882571857,1
489950.0,1820,3,1983,43,7326,2.25,7.486967649201491,1
680000.0,1670,6,1911,115,3000,2.0,6.772087762784432,1
1068000.0,3990,5,2001,25,9938,3.5,3.0081836150667516,1
352450.0,1430,3,1945,81,6000,2.0,9.341953119864346,1
335000.0,2030,4,1969,57,103672,2.0,29.243169977283323,1
549000.0,1290,4,1906,120,3060,1.75,4.923827767795917,1
1240000.0,3820,4,1990,36,13224,3.5,7.514369150558413,1
618250.0,2520,4,1931,95,3360,3.25,1.078677492332833,0
1815000.0,3880,5,1972,54,13000,3.0,9.142764268053504,1
850000.0,1590,2,1927,99,5136,1.75,7.743372325142432,0
930000.0,3530,5,1925,101,9385,2.0,6.690426949002067,1
505000.0,1610,3,1996,30,4611,2.5,9.29526007961151,0
925000.0,3280,4,1994,32,209088,2.5,45.815368307060176,1
275000.0,1860,3,1971,55,15681,1.75,9.830017777680801,1
499000.0,1840,3,1910,116,5000,1.75,2.9410069839236535,1
507000.0,2120,3,2003,23,7201,2.5,6.369543547377286,0
619850.0,2270,4,1972,54,9247,2.5,6.326337226291493,0
500000.0,2840,3,1994,32,48716,2.5,15.419123766122825,1
310000.0,1220,4,1980,46,9600,1.5,5.811419213499924,1
646000.0,2310,4,2008,18,4079,2.5,5.421382212984997,0
265000.0,1840,3,1966,60,7300,1.75,8.938141514324519,1
475000.0,950,3,2003,23,1110,2.5,3.9117072882853483,1
600000.0,3070,4,1970,56,8400,2.25,1.8602686977839618,1
470000.0,1730,3,1997,29,38884,2.0,18.025551712616263,1
319950.0,920,2,1939,87,8341,1.0,10.812562236071459,0
712000.0,3200,3,2004,22,6699,2.75,2.463011914683144,0
775000.0,3010,4,1996,30,15992,2.75,10.267523415735582,1
390000.0,1600,3,1979,47,10240,2.25,5.539075688345971,1
585000.0,2840,4,2001,25,11044,2.5,7.999261645993179,0
1027000.0,2430,3,1989,37,10500,2.5,7.9826723870404805,1
232603.0,1750,3,1976,50,11461,1.75,6.588976599051033,0
543000.0,1240,3,2008,18,949,2.25,2.8385030032408105,1
607500.0,1530,3,2006,20,1612,3.25,3.250776843051222,1
750000.0,3390,3,2012,14,10078,3.5,4.267024253556272,0
728050.0,2320,3,2008,18,6775,2.5,3.8595333753086662,0
734990.0,2650,4,2012,14,6884,2.5,6.175265129851934,1
330000.0,2238,3,2011,15,7209,2.5,4.294520032667744,0
605000.0,2620,4,1996,30,7553,2.5,8.55675619713786,1
441000.0,1910,3,1979,47,7280,2.75,10.917738466007782,1
650000.0,3040,4,2003,23,6587,2.5,4.577240275889871,0
1950000.0,4640,7,1965,61,15235,3.5,8.765213501606132,1
395000.0,1500,3,1925,101,4000,1.0,7.299055330908802,0
245000.0,380,1,1963,63,15000,0.75,9.416006812757823,1
905000.0,2970,4,1997,29,14486,3.5,8.125065803748262,1
660000.0,3030,4,1988,38,9273,3.25,9.082647255079166,1
378000.0,1890,4,1978,48,12236,2.5,8.893946858041971,1
600000.0,1040,2,1919,107,3600,1.0,2.0070127330181062,0
632500.0,2090,4,1986,40,10306,2.5,9.668668193167818,1
210000.0,1680,2,1910,116,5756,2.0,8.813072511800225,0
754800.0,2770,2,2006,20,7781,2.5,4.266341687464256,1
175000.0,1020,2,1948,78,5130,1.0,6.139813506342806,1
455000.0,1470,3,1985,41,4653,2.25,7.980586978433209,1
450000.0,1430,3,1947,79,3480,2.0,5.068058541261915,1
790000.0,2050,4,1974,52,10920,1.75,10.402934143298037,1
480000.0,2080,4,1941,85,5500,1.0,13.191617483858082,0
850000.0,2870,3,1995,31,8170,2.25,4.276041902095053,1
725000.0,3940,4,2000,26,27591,3.25,6.375066190538676,0
380000.0,1520,3,1949,77,4288,1.5,6.769055786814627,1
979000.0,1700,3,1954,72,14133,1.5,9.991287515378431,0
359950.0,1940,3,1981,45,11612,2.25,6.629800878465693,1
665900.0,2870,4,1926,100,5453,2.25,10.450381989963104,0
812000.0,3240,3,2001,25,8338,3.25,2.651782600830254,1
203000.0,1150,3,1953,73,7156,1.0,8.509955869094835,0
456000.0,1440,3,1975,51,28516,1.5,8.885617537723318,0
547000.0,2200,5,1916,110,4080,2.5,10.97413371862189,1
280000.0,1470,3,1987,39,8089,2.0,12.595346059504354,1
640000.0,1760,2,1930,96,4400,1.75,3.5800302366499563,1
477000.0,1780,3,1976,50,8085,1.75,4.9683285922742595,0
455000.0,2450,4,1954,72,21000,2.25,11.778763660939404,1
587206.0,1890,3,1999,27,1710,3.5,4.180608050631456,1
425000.0,2540,3,1999,27,5612,2.5,5.9861663462032855,1
511500.0,1360,4,1917,109,6000,1.0,6.276165261627231,1
218000.0,1310,2,2004,22,2841,2.0,1.0,0
332000.0,1510,3,1942,84,7884,2.0,6.5352867617172885,1
291000.0,1860,3,1967,59,60960,1.5,15.122816677807478,1
279000.0,2200,4,1979,47,7700,2.0,5.060631532800684,0
950000.0,3360,4,1988,38,11548,2.5,11.640496010406443,1
970500.0,2470,3,1960,66,10125,2.75,3.2554793171622314,0
412000.0,1260,2,1925,101,3960,1.0,8.231615560243931,1
400000.0,1430,3,1950,76,10005,1.0,6.164111209004574,1
200000.0,1230,3,1913,113,7420,2.25,5.644719494512497,1
397000.0,2320,4,1997,29,11717,2.5,9.714515688155133,1
715000.0,3290,4,2003,23,6628,2.5,7.345753883706671,1
371000.0,2550,4,2005,21,4770,2.5,7.6658389916585925,1
458000.0,1870,3,2003,23,5013,2.5,8.907153981598583,1
436500.0,3110,5,1977,49,12429,3.0,6.491874850450031,1
329950.0,1820,3,1983,43,8085,2.5,4.780289796476749,0
950000.0,3050,3,1962,64,18892,3.25,5.522948420326605,1
282000.0,1890,4,1997,29,6302,2.0,3.7841684100631343,1
250000.0,800,1,1931,95,16306,1.0,17.108483275926176,1
1135000.0,6900,6,2002,24,244716,4.25,50.0,1
400000.0,2670,4,1972,54,189486,1.75,38.84397690137593,1
681500.0,3260,5,1964,62,11700,2.75,3.3726261297692894,1
200000.0,860,2,1949,77,6600,1.0,7.765598185155475,1
1300000.0,3366,5,1937,89,7800,4.0,8.201794392133902,1
1462497.0,3840,5,2008,18,4800,3.25,7.606651505952093,1
995000.0,3850,4,1998,28,13551,4.5,6.945332619338907,0
355000.0,2040,4,1996,30,8265,2.5,6.2766372199913,0
425000.0,1790,3,1967,59,10209,2.25,8.025438572478073,1
869000.0,3740,4,1988,38,30884,3.0,11.43447901887999,1
915000.0,2660,3,2003,23,4000,3.25,1.0,1
2110000.0,3230,3,1973,53,17833,2.25,7.87720110827442,1
925000.0,3140,4,1959,67,10437,2.0,4.53318069721906,1
2400000.0,5480,6,1999,27,10800,4.5,7.685634256725536,1
390000.0,1160,3,1910,116,3750,1.0,14.70577700781023,0
330000.0,1860,3,1995,31,11227,2.25,8.347844996422914,1
482500.0,1630,4,1990,36,7626,3.0,5.584610941482806,1
525000.0,1750,3,2001,25,1879,2.25,8.141204505931757,1
237000.0,1300,3,1960,66,8160,1.0,8.080063661627637,0
205000.0,960,3,1960,66,7314,1.0,7.723083471355523,1
623000.0,1850,3,1989,37,7777,2.5,8.375951779647012,0
565000.0,3260,4,2013,13,4900,2.75,12.149630694488625,1
400000.0,2420,4,1973,53,7927,2.25,3.1927346940222527,1
405000.0,1460,3,2002,24,10000,1.0,8.420896230434364,1
337000.0,2240,4,1992,34,8504,3.0,3.921656610055385,1
355000.0,1240,2,1943,83,27042,1.0,12.074937939026745,1
885000.0,2060,3,1975,51,9552,2.25,4.154340465541717,0
420000.0,2280,5,1959,67,10319,2.75,5.811699559184747,0
448000.0,2510,4,2006,20,6853,2.5,5.4853302572862805,1
800000.0,3150,4,2004,22,7035,2.75,9.334450158034127,1
830000.0,2780,5,1978,48,10192,2.25,9.793763331827241,1
725000.0,2380,6,1917,109,4080,1.75,2.078847870660846,1
780000.0,2140,3,1905,121,3000,2.25,5.764802332999546,1
325000.0,840,2,1948,78,4239,1.0,3.7190604357524824,0
488800.0,2170,4,1976,50,9665,2.25,3.157485267973996,1
1320000.0,4410,4,1989,37,36200,3.5,11.58894884872689,1
489000.0,2120,4,1940,86,11479,2.0,6.370351634632541,0
1240000.0,6630,7,2004,22,13782,5.5,15.036549459036568,1
595000.0,3290,3,1993,33,22649,2.75,10.828679476082089,1
359900.0,2290,5,1973,53,7420,2.25,2.351147497737288,1
1080000.0,4910,3,1989,37,43560,3.0,12.017677987487172,1
925000.0,3730,4,2012,14,8014,2.75,9.666949886288196,1
625000.0,2440,3,2014,12,4800,2.5,12.225328318609776,0
339990.0,2570,3,2014,12,4600,2.5,1.1620500632861255,0
775950.0,2970,4,2014,12,4400,2.5,1.0,1
420000.0,2630,5,2013,13,3149,3.0,11.242695526115348,0
654000.0,1530,3,2005,21,1565,3.25,6.4818425321127116,1
725000.0,3690,3,2001,25,8837,3.5,4.1625218043709005,1
375000.0,1230,2,1948,78,1820,1.0,6.9678872583673055,1
1100000.0,2200,3,1952,74,20000,2.5,1.0927567829493672,1
639500.0,2330,4,1986,40,8994,2.25,6.808926519791483,1
849000.0,2160,4,1928,98,6300,2.0,7.243463518529255,0
418000.0,1550,4,1956,70,9176,1.5,9.608010418613489,1
442900.0,1780,4,1943,83,2788,1.75,2.515912143122387,1
750000.0,2610,3,1934,92,5544,1.75,6.365861484210077,1
930000.0,3290,3,2000,26,6830,2.5,3.5897261218212377,0
565000.0,1330,2,1914,112,6000,1.75,6.966151267022951,0
874150.0,3530,4,1987,39,14406,3.5,5.195161032910928,1
545000.0,2090,4,1990,36,6023,2.5,4.9802974825193385,1
500000.0,2040,4,1963,63,8400,2.5,3.6925538156293127,1
687000.0,2370,4,1966,60,10083,2.5,8.970008725470972,1
810000.0,2810,4,1989,37,10613,2.5,9.697953349969996,1
439500.0,2050,3,1977,49,40003,2.5,12.29673829012776,1
802000.0,2870,3,1907,119,5000,1.75,6.114713984880085,1
732600.0,2130,4,1963,63,7300,2.5,2.1142257560993674,1
374000.0,2580,4,2004,22,6260,2.5,5.352970055979639,1
330000.0,2380,4,1999,27,13550,2.5,7.559386148874766,0
365000.0,1940,4,1962,64,25600,2.0,17.982379273089926,0
290900.0,1610,2,1930,96,17600,2.0,5.184098922677508,0
577000.0,2060,3,1976,50,5750,2.5,10.542531716257312,1
280000.0,1010,2,1925,101,3000,1.0,8.590576320397425,1
675000.0,2810,4,1982,44,11120,2.5,8.065909213470409,1
800000.0,2380,3,1972,54,11824,2.25,12.6406614525854,0
299995.0,1060,2,1951,75,7200,1.0,7.556316417820588,1
440000.0,1560,3,1983,43,7207,1.75,7.608877587003786,0
249500.0,1500,2,1963,63,8645,1.75,6.569638040947364,0
690000.0,970,2,1907,119,4560,1.0,9.582706647255883,1
235000.0,1170,3,1968,58,11100,1.0,10.509407701432652,1
320000.0,2280,3,1998,28,7417,2.5,4.606368137511362,1
350000.0,2800,7,1963,63,9569,3.0,2.956058416203698,1
334000.0,1150,4,1970,56,9360,1.5,6.263058087813029,1
235000.0,2180,6,1980,46,7956,3.0,4.191084306807061,1
442000.0,2520,4,1990,36,7253,2.5,6.260026276153934,0
264000.0,1760,3,1966,60,7482,1.75,10.208714404052417,1
275000.0,1180,2,1949,77,6552,1.0,4.9384950347396295,1
430000.0,950,2,1949,77,4625,1.5,5.796529856065275,0
550000.0,1900,3,1988,38,3255,2.5,5.825068204425185,0
775000.0,2300,4,1999,27,6158,2.5,8.776892646615854,1
603500.0,2660,6,1962,64,8400,2.75,1.0,1
230000.0,1530,3,1919,107,389126,1.0,50.0,1
449000.0,1850,4,1930,96,5040,2.5,6.641851076838418,1
2075000.0,4230,4,1997,29,20377,3.5,12.675636869280584,1
420000.0,1200,3,1937,89,5029,2.0,4.530092657481385,1
735000.0,2270,4,1954,72,5102,2.25,1.0,0
200000.0,1090,3,1968,58,9600,1.5,8.779134337898409,1
286000.0,1100,3,2008,18,750,2.75,3.243912833523112,0
579000.0,1640,3,2009,17,1269,2.5,1.6848000227289162,1
345100.0,1950,3,1959,67,8625,3.75,4.851963830860328,1
350000.0,1660,3,1957,69,10150,1.75,6.47642392703245,1
291500.0,880,3,1946,80,9238,1.0,5.033366006385362,1
649950.0,1500,3,2014,12,1375,2.5,1.0,0
458500.0,1890,3,2012,14,1599,2.0,8.010998590661396,0
500000.0,1150,3,1911,115,5100,1.0,9.844625123836167,1
362300.0,2430,3,1997,29,15264,2.5,10.007365974018516,1
324000.0,2110,4,1975,51,7208,1.75,3.02854298872555,1
495000.0,2950,3,1918,108,12196,2.0,6.834725398157445,1
233500.0,1650,3,1985,41,2958,2.25,5.572036054311625,1
479000.0,2110,3,1978,48,11319,2.25,9.06018316868573,1
322200.0,2010,4,1975,51,19000,2.25,10.805021466154244,1
835000.0,3030,4,1998,28,29163,2.5,8.630078603664511,1
347000.0,1270,3,1955,71,8400,1.0,6.925986669240681,1
725000.0,1610,3,1962,64,8613,1.75,8.094441213845723,1
345000.0,1140,3,1904,122,4200,1.0,10.2074669664403,0
345950.0,2110,3,1989,37,4118,2.5,7.937119619474169,1
550000.0,1840,3,1964,62,8086,1.75,8.984370062126558,0
399950.0,1560,3,1940,86,5223,1.75,6.2960798837880825,1
269500.0,1840,3,1976,50,7412,1.75,10.713777435610512,1
494000.0,1830,4,1973,53,7345,2.5,7.698288387878493,1
453000.0,2120,4,1956,70,7420,1.75,3.900736269479289,1
442500.0,1600,3,1977,49,10280,1.75,11.266109910375572,0
235000.0,1450,4,1962,64,8891,1.75,8.871909817617084,1
389800.0,1880,3,1959,67,12821,1.75,6.235067936614553,0
346000.0,1270,3,1950,76,8100,1.75,5.18152109780227,0
360000.0,1720,4,1953,73,6417,1.5,7.173126635422285,1
650000.0,2400,4,1990,36,7351,2.5,7.859754385802754,1
290000.0,1150,3,1932,94,8145,1.0,7.220876796893619,0
234000.0,870,2,1940,86,11100,1.0,8.153926020328655,1
260000.0,2000,4,1989,37,37045,2.5,17.50887212372914,1
349900.0,2420,3,1949,77,38781,2.0,15.970829456704656,1
275000.0,1080,3,1952,74,6000,1.0,6.771906773795073,1
725000.0,3420,4,1988,38,30410,2.5,13.90593174230245,1
375000.0,1870,4,1990,36,7471,2.5,3.3966282894173814,1
806000.0,2500,4,1997,29,206474,2.5,47.48858114984043,0
470000.0,2150,3,1992,34,8221,2.5,12.07211904919933,1
490000.0,1470,3,1984,42,2500,2.25,4.845862313822878,0
615000.0,2130,5,1926,100,4180,2.0,3.293098214142746,1
249000.0,1000,3,1968,58,19204,1.0,6.8845333342208175,1
396500.0,2390,3,1955,71,7149,1.75,3.160900887972835,1
405000.0,860,2,1901,125,2599,1.0,3.1655142756168897,1
560000.0,1960,3,1989,37,12476,2.5,6.383675704229914,1
459950.0,2000,4,2003,23,6107,2.5,2.004698942464074,1
265000.0,1620,3,1928,98,9450,1.0,6.936855001848809,0
502000.0,2890,6,1977,49,8122,2.5,9.33123152135994,1
430000.0,1300,3,1981,45,12731,1.75,4.822931459559239,1
525000.0,1080,2,1924,102,3500,1.0,10.257851770925306,0
415000.0,2170,4,1955,71,8518,2.5,8.235976265582783,1
600000.0,2260,3,1987,39,10153,2.5,10.12234175687217,1
225000.0,1580,3,1967,59,8820,1.75,4.790496338443589,1
300000.0,2620,4,2008,18,4469,2.5,8.457375681199846,0
491234.0,1540,4,2014,12,1860,2.5,2.096198298814061,1
1580000.0,4570,4,1948,78,74487,2.5,22.568142502509524,1
905000.0,3440,4,2006,20,7661,3.25,7.047718019380593,1
199950.0,1740,5,1959,67,8750,2.5,8.409753659954351,1
450000.0,2160,4,1942,84,4333,1.75,2.3398161831254454,1
899000.0,1480,3,1949,77,6978,1.0,3.710390473170186,0
649000.0,2260,2,2005,21,280962,1.75,50.0,1
780000.0,3910,4,1987,39,59863,3.5,14.127555987327398,0
400000.0,1700,4,1965,61,20283,1.75,10.446218876297369,1
831500.0,4470,5,1984,42,35124,2.5,7.923386580619262,1
471001.0,1800,3,1905,121,6000,1.75,8.744522638000005,0
385000.0,1630,3,2007,19,1677,3.25,1.6378300556944727,1
326000.0,1030,3,1969,57,9834,1.0,8.62369981303857,1
335000.0,720,1,1907,119,5100,1.0,7.896892800938002,1
320000.0,1890,4,1974,52,43560,1.5,11.621684544711275,1
300000.0,1840,4,2004,22,5550,2.5,7.856079701254181,1
269950.0,2540,4,1977,49,8400,2.5,7.461326790000667,1
1220000.0,3520,4,1913,113,3944,3.75,4.172274431421785,1
590000.0,3220,4,1966,60,7875,2.5,3.549335947771376,1
750000.0,1820,3,1941,85,5000,2.0,1.0,1
239950.0,1230,3,1984,42,9600,1.75,7.9689501418990805,0
215000.0,1340,3,1931,95,8505,2.0,2.0065916859138353,0
165000.0,1200,3,1943,83,13100,1.0,7.906032598323924,1
261350.0,1390,3,1962,64,18200,1.75,7.8496553517532535,1
569000.0,1730,4,1924,102,3884,2.0,7.814228326314586,0
425000.0,1580,3,1992,34,39189,2.25,11.931663501530407,1
800000.0,3520,4,1954,72,4895,3.0,4.990656640958726,0
715000.0,2650,4,1960,66,30500,2.5,13.295612112864887,0
337000.0,1310,3,1993,33,12750,1.75,8.555174087252352,0
560000.0,2300,4,1990,36,7989,2.5,7.546267871548335,1
449500.0,1780,3,1972,54,7280,2.25,7.863802769425578,0
660000.0,1980,3,1987,39,2850,3.25,1.0,0
685000.0,1300,2,1943,83,1676,1.5,7.605566039960946,0
905000.0,3500,5,1996,30,10155,3.5,8.868406382040808,1
403500.0,1830,3,1960,66,8004,1.0,3.550750614270508,1
405000.0,1520,3,2004,22,1245,2.25,4.516758578977396,1
385000.0,2700,4,1984,42,37011,2.75,12.284278137117107,1
1700000.0,2810,3,1974,52,18731,2.75,8.342709646794802,1
285000.0,1660,3,2003,23,6263,2.5,7.254179899705604,1
249900.0,1310,3,1990,36,6738,2.0,10.64170034549355,1
633634.0,2960,4,2014,12,6000,3.5,9.445300183018485,1
329900.0,2242,3,2011,15,4995,2.5,2.062342419705781,1
310000.0,2540,3,2006,20,4775,2.5,7.821209970918146,0
345000.0,1420,3,2008,18,1192,1.5,9.225199958606229,1
160797.0,1270,3,2012,14,2356,1.5,6.631625562067607,1
562500.0,1300,3,2006,20,907,2.25,8.454341275557901,1
664950.0,3190,5,2013,13,7081,3.0,12.453011337102296,1
515000.0,2910,5,2013,13,5027,3.25,9.076528638320944,1
497000.0,1630,3,2005,21,3817,2.25,6.511325786925187,0
312891.0,2300,5,2013,13,8214,3.0,9.778065422254262,1
670000.0,3310,3,2008,18,5300,2.5,6.494663499290674,0
362500.0,940,2,2009,17,1768,1.5,5.425309129854867,1
402101.0,1020,2,2009,17,1350,0.75,4.215757292858802,0
438000.0,1520,3,1948,78,6380,1.75,10.966240076496325,1
687500.0,2330,4,1929,97,5000,1.75,3.544714002173996,0
160000.0,1010,3,1962,64,9600,1.5,11.517103174034348,1
415000.0,1070,3,1977,49,8000,1.75,8.099592371221114,0
405000.0,3170,3,1995,31,12750,2.5,3.352081475594175,0
880000.0,3030,4,2005,21,3841,2.5,6.871147878974265,1
585000.0,2270,3,1998,28,100545,2.5,18.808920477045127,1
640000.0,2341,4,1997,29,9594,2.5,8.795324050493107,0
819000.0,2130,3,1908,118,6150,3.5,8.885694448966973,1
520000.0,2300,3,1984,42,35722,1.75,10.36733213304384,1
367500.0,1660,3,1978,48,11783,1.0,7.727243087866747,1
762500.0,2610,4,1978,48,8760,2.75,12.61447230125086,1
300000.0,2150,3,1954,72,7007,1.0,4.88415988721419,1
625000.0,2410,3,1976,50,64073,2.5,14.637877238830196,1
530000.0,1580,2,1941,85,3680,1.5,10.180990207387797,1
379000.0,1740,3,1992,34,30886,2.5,17.064961571592384,1
615000.0,1270,2,1949,77,5000,1.0,6.011087015543542,0
660000.0,2550,2,1902,124,6000,2.25,9.23438910622507,0
380000.0,1860,3,1963,63,15559,2.25,12.136227746592644,1
314900.0,2700,4,1958,68,27072,1.75,8.186947302384848,1
324950.0,1460,3,1955,71,8710,1.5,5.286082493896395,0
225000.0,1330,3,1968,58,13102,1.75,11.313023539464204,1
535000.0,2070,3,1999,27,4132,2.5,10.881442836125528,1
348500.0,1360,3,1966,60,10726,1.5,8.833842580523065,0
725000.0,2650,4,1986,40,18295,2.5,6.019556939493836,0
925000.0,3580,4,1985,41,35261,3.0,18.01338333509832,1
549000.0,2034,2,1947,79,13392,1.0,6.085487306564106,0
400000.0,1230,3,1984,42,11413,2.0,6.277186656485645,1
620000.0,2450,4,1994,32,55387,2.5,17.104413503468866,1
665000.0,2840,6,1961,65,8346,2.75,11.331681262144322,1
1215000.0,3820,4,1994,32,53574,3.75,18.276727929656673,1
1157400.0,2740,3,1913,113,5925,2.5,7.429596501085732,1
349950.0,2090,4,1989,37,5289,2.5,7.447665590354319,0
2466350.0,6390,5,1940,86,13180,4.75,7.766544005930398,1
339000.0,2470,4,1948,78,5080,2.0,7.690418543555519,1
615000.0,1720,3,1924,102,4080,1.75,1.0,0
751000.0,3090,4,2004,22,9571,3.25,6.024377622790605,0
941000.0,2320,4,1926,100,3825,1.75,6.488965804750343,1
600000.0,1740,4,1968,58,7700,1.75,3.0869577491414786,1
455000.0,2950,4,2005,21,4502,2.5,7.059369953434681,1
1295648.0,4810,0,1990,36,28008,0.0,9.988186337041636,1
485000.0,1500,3,1920,106,5412,2.5,11.34882709494647,1
358000.0,1810,3,1969,57,100188,1.5,29.75665917564457,1
339000.0,1100,3,1942,84,4128,1.0,4.428183292645511,1
258000.0,1490,3,1969,57,7435,1.0,6.034486865299915,1
455000.0,1200,2,2013,13,1259,1.5,5.029957303174823,0
437000.0,1890,4,1980,46,8505,2.5,5.346021571521132,1
689000.0,2200,3,1978,48,9840,1.75,7.55307495208438,0
319000.0,2510,4,1978,48,7992,2.5,4.323553793337229,1
510000.0,1420,3,2006,20,1309,2.25,1.8699539951874211,1
440000.0,2000,3,1957,69,9900,1.75,8.848133671700806,0
1010000.0,1460,2,1900,126,9052,2.0,8.698988752665432,0
875000.0,3220,4,1996,30,22588,2.5,7.104652721020023,1
304000.0,1310,4,1953,73,8454,2.0,9.376866292287799,0
139000.0,690,2,1942,84,5280,1.0,4.161266812504006,1
464500.0,1150,3,1959,67,10466,1.75,7.852695714113943,0
336500.0,1480,3,1963,63,7284,1.0,8.917832037837368,1
230000.0,1850,4,1944,82,6000,1.75,6.0991623058888615,0
425000.0,1930,3,1990,36,4500,2.5,7.264222736423403,1
300000.0,750,2,1941,85,5120,1.0,4.474711068337285,0
457500.0,1430,3,1996,30,2003,2.25,4.811200249715708,1
366000.0,1840,3,1977,49,11440,1.75,6.6704217073589795,0
502000.0,1300,3,1955,71,14350,2.0,5.630264960379283,0
194000.0,1050,3,1983,43,7577,1.0,5.985077510652653,1
305000.0,2210,4,1968,58,9371,2.25,2.22834510340876,1
1250000.0,3220,4,1973,53,15600,2.5,6.646538758573687,1
575000.0,4620,4,1991,35,20793,2.5,8.303973519890988,0
343500.0,1760,4,1950,76,6204,1.75,5.47226074251386,1
325000.0,850,3,1948,78,6906,1.0,5.656707662387664,0
600000.0,4690,4,1995,31,14930,3.25,7.800707400419614,0
850000.0,3920,4,1996,30,37122,3.5,13.862724554258191,1
420000.0,2140,3,2005,21,3821,2.5,8.387751222397569,1
257500.0,1180,2,1940,86,9265,2.0,4.903704319455199,1
317000.0,2360,5,1962,64,11375,2.5,3.6653974338325668,1
970000.0,3060,3,1930,96,9950,2.25,3.8638667632706913,1
252000.0,1670,3,1977,49,7881,2.25,5.114591236415219,1
683500.0,1820,3,1946,80,5756,1.5,5.095436046550473,0
289000.0,1970,3,1988,38,9607,2.5,4.611411801407629,1
355000.0,930,2,2007,19,747,2.25,1.2610500072503168,0
675000.0,2300,3,2004,22,5611,3.5,4.753837517577436,1
396500.0,2590,3,1976,50,18980,2.5,9.340279860341914,1
362500.0,1450,4,1960,66,8450,1.75,8.475088397506694,0
395000.0,1540,4,1943,83,5120,1.75,4.351730840675037,1
599000.0,2730,5,1968,58,22572,2.75,8.275406533569697,1
218000.0,880,3,1945,81,18205,1.0,5.860905073458068,0
589950.0,3190,4,2006,20,8195,2.5,6.544682488875671,1
218000.0,1330,3,1968,58,7600,1.5,3.974714097427556,0
360000.0,1500,3,1957,69,7200,1.75,8.1593834397236,0
350000.0,740,2,1922,104,7680,1.0,1.1784005241976665,1
350000.0,2560,4,2004,22,5606,3.0,5.042310982642613,1
845000.0,2540,3,1930,96,4750,2.0,6.853322017575227,0
839000.0,3200,3,2000,26,203425,2.5,46.23650354896751,1
850000.0,3330,4,1958,68,4000,3.0,13.879100991941488,1
329950.0,900,2,1956,70,5220,1.0,7.093400073703723,0
425000.0,1600,4,1946,80,6180,1.5,3.223836209473969,1
210000.0,970,2,1956,70,5500,1.0,5.81360725873278,0
631500.0,1130,2,1927,99,2640,1.0,1.0,1
295000.0,650,2,1950,76,5400,1.0,5.838200752109717,1
575000.0,2400,3,1926,100,5000,2.25,3.500831828997724,1
415000.0,2280,3,2011,15,6031,2.5,8.952370826680486,0
859000.0,3550,4,2010,16,13900,2.25,6.131379176213395,1
639888.0,2050,4,2012,14,2772,2.5,5.20410225261426,0
329445.0,830,2,2005,21,1119,1.5,3.3171264757867895,1
745641.0,2440,4,2013,13,4850,2.5,11.186554055559995,1
395000.0,1600,3,2007,19,1936,2.5,4.423471701646265,1
790000.0,3190,4,2010,16,31450,3.5,16.787671130437605,1
890000.0,2550,4,1905,121,4000,1.0,8.242455286354799,1
400000.0,2180,3,1962,64,7508,2.5,7.947800182006159,1
365500.0,1410,3,1983,43,9600,2.0,8.02619944195256,1
245000.0,1410,3,1985,41,5760,2.0,7.333391894648755,0
390000.0,2340,4,1993,33,8548,2.5,1.0,1
196500.0,1320,3,1966,60,9000,1.0,5.96334981754773,0
1200000.0,3990,4,2006,20,13470,1.75,10.229473913552965,1
276900.0,1270,3,1958,68,7566,1.0,6.366508449577684,1
995000.0,4380,3,1968,58,47044,4.5,10.193230459589273,1
2300000.0,4250,4,2004,22,8570,3.25,6.556786648267592,1
505000.0,1860,3,1987,39,8060,2.5,11.724316548766474,1
1229000.0,3770,4,1989,37,37034,3.5,16.147475146604158,1
352000.0,1530,4,1925,101,8890,1.0,6.591987971901905,1
597326.0,3570,4,2013,13,8250,4.0,9.504347831174261,1
800000.0,1740,2,1955,71,5719,1.0,5.044278938895844,0
270000.0,1670,3,1990,36,8364,2.5,1.561185239519844,0
235000.0,1570,4,1984,42,9415,2.0,4.109602035611337,1
409900.0,1590,2,1997,29,1845,2.5,10.057666305524593,0
739900.0,2980,5,2006,20,5377,2.5,5.253420754512088,1
608000.0,2690,4,2001,25,4736,2.5,5.217048061874946,1
381500.0,900,2,1924,102,2910,1.0,4.682485411175358,1
562100.0,1440,2,1914,112,3700,0.75,11.452409768719022,1
740000.0,3000,4,1995,31,10392,2.5,11.95627674608619,1
308000.0,1640,3,1942,84,18144,1.0,15.285140700344401,1
905000.0,3100,5,1970,56,10200,3.5,6.562864368799846,1
762000.0,4000,4,2007,19,15253,3.5,8.937473466241284,1
356000.0,2020,4,1949,77,48693,2.0,10.188672351737626,1
750000.0,1840,3,1915,111,5000,1.5,10.430803278354823,0
418800.0,2100,4,1973,53,9984,2.25,3.493461346196195,1
276000.0,2460,4,1959,67,11250,2.25,7.900326691287887,1
725000.0,2610,3,1996,30,7510,2.5,3.2100924171014675,0
285000.0,1460,3,1995,31,6377,2.0,4.508799519783912,0
205000.0,1050,3,1958,68,8498,1.0,4.187812706850899,1
583000.0,1790,3,1989,37,8144,2.5,4.805174217972546,1
657000.0,2180,4,1926,100,3375,2.5,4.057631890553064,0
386000.0,2050,4,1965,61,9583,2.25,5.271793615224769,1
589950.0,2790,5,1973,53,19439,3.0,11.387801735340922,0
575000.0,1700,3,1924,102,3333,2.25,2.3520116208124398,1
574000.0,2380,3,2002,24,6832,2.5,7.028024281041601,1
690500.0,2000,5,1908,118,4211,2.0,9.496077456916675,1
565000.0,1670,2,2005,21,4008,1.75,4.262010906459812,0
500000.0,1190,3,1940,86,4750,1.5,3.7962433277571948,0
330000.0,3040,6,1951,75,28535,2.25,10.015426124459248,0
286000.0,780,2,1930,96,3475,1.0,9.23417562508213,1
450000.0,2330,3,1954,72,11740,1.5,7.930322892860073,1
870000.0,2840,4,1912,114,4000,2.75,4.206357116177204,0
725000.0,2490,4,2000,26,5170,2.5,7.4856299535641195,1
275000.0,770,2,1927,99,4840,1.0,2.6611235504907302,1
645000.0,1850,3,1953,73,16960,2.75,10.436078531328842,1
152000.0,1090,3,1969,57,3264,1.0,6.878621923105303,0
315000.0,1780,4,1918,108,5336,2.0,5.143774586583348,0
190000.0,930,1,1941,85,29258,0.75,8.335842604658309,0
700000.0,2770,4,2004,22,5686,2.5,3.477157233149628,1
233000.0,1250,3,1955,71,6180,1.0,7.8404520090377305,0
249000.0,1830,4,1990,36,6136,2.25,9.914141507467185,1
310000.0,870,2,1950,76,5400,1.0,4.168076758913616,1
265950.0,1150,3,1951,75,8450,1.5,8.065160110654453,1
860000.0,4500,5,1968,58,9648,3.25,1.0,1
200000.0,1150,3,1938,88,4800,1.0,4.206146808028401,1
402000.0,2000,4,1926,100,3672,2.25,5.6412232013872945,1
305000.0,1900,6,1964,62,8240,2.0,3.918949749054499,1
505000.0,1640,3,1975,51,10695,1.75,4.329480875631211,1
1355000.0,2680,3,1913,113,4775,1.5,3.9516613305933417,1
482000.0,2420,3,1998,28,7307,2.5,7.33797818497912,1
299950.0,1790,3,1978,48,7650,1.75,5.9680129447808765,0
770000.0,3920,4,1997,29,12415,2.5,1.0,1
245700.0,1640,3,1968,58,8400,2.25,1.0,1
283000.0,890,3,1954,72,8400,1.0,4.859404466428473,1
650000.0,1910,4,1940,86,16532,2.75,9.679459758160656,0
530000.0,2140,5,1962,64,7910,2.25,1.0,0
440000.0,2030,3,1953,73,17100,1.75,6.920809471545108,1
1005000.0,4225,4,1985,41,284011,4.5,50.0,1
599990.0,2680,3,1978,48,9162,2.25,10.997413334625342,1
544000.0,2030,4,1994,32,3974,2.5,4.63973456486141,0
1700000.0,5850,5,1978,48,22885,3.5,10.725966954222786,1
270000.0,2060,2,1962,64,8398,1.0,7.103371420262389,0
435000.0,1060,2,1943,83,3036,1.0,1.0,1
349000.0,1010,3,1947,79,8184,1.0,8.941421649895211,1
1140000.0,3310,4,1924,102,127631,2.25,31.172389516368863,0
320000.0,2000,4,1997,29,10051,2.5,8.535005919023769,1
804100.0,3070,4,2005,21,8086,2.5,18.39591311930898,1
594000.0,1270,3,2014,12,1406,2.25,1.0,1
531500.0,3110,4,1958,68,49765,2.75,20.127089949283324,1
1150000.0,2110,3,1979,47,18815,2.0,7.900657441798933,0
374500.0,1400,3,1984,42,11400,2.25,8.141986713209027,1
450000.0,2310,4,1952,74,5650,2.75,5.993463264096273,0
744500.0,2700,5,1967,59,16570,2.5,7.041290999805869,1
913888.0,2370,5,1981,45,15512,2.25,6.3929012152837235,1
760000.0,2760,4,1942,84,6000,2.5,7.188526206719027,0
346500.0,1610,2,1941,85,6300,1.75,1.7084789099849624,1
280000.0,1230,3,1966,60,8250,1.75,8.901737502565297,1
557500.0,1900,3,1959,67,11165,1.75,5.984416785344239,1
260000.0,1580,3,1954,72,8184,1.5,3.2465919828789267,0
1330000.0,1940,3,1900,126,2885,1.5,4.226961426012559,1
640000.0,1620,3,1947,79,6000,1.75,9.971447650587718,0
280000.0,1940,7,1994,32,5458,2.5,4.48559473895133,1
205000.0,1230,3,1965,61,8750,1.0,7.825360854628861,1
957000.0,3160,5,2005,21,5000,3.25,3.8071311728535804,1
625000.0,2700,5,1955,71,21208,2.5,11.51536554977086,1
680000.0,1880,4,1954,72,6200,1.5,8.296523216370613,1
150000.0,890,2,1942,84,8100,1.0,12.165826499889235,0
255950.0,1720,3,1992,34,3676,2.5,5.208508163502353,0
246500.0,1620,3,1989,37,7686,2.5,8.54316441427372,1
450000.0,1380,2,1931,95,4390,1.0,6.172202618616834,1
595888.0,1870,3,1958,68,9000,1.75,10.687615345589043,1
454000.0,1970,3,1970,56,22144,1.0,7.272302837173807,1
299900.0,1110,3,1979,47,8593,1.0,8.953615938631843,1
200000.0,1190,3,1995,31,6833,2.0,5.782508111649955,1
346500.0,1150,3,1932,94,11802,1.0,7.167835468674507,0
585000.0,2890,4,1973,53,6825,2.75,6.640257453345119,1
383000.0,1500,3,1977,49,13430,1.75,8.442721189280032,1
519000.0,1950,4,1910,116,2617,2.5,5.174712870634125,0
410000.0,1250,3,1968,58,7700,1.5,7.184139549511579,0
578000.0,2070,4,1996,30,5415,2.5,10.817354172686553,1
1280000.0,4660,4,2003,23,17398,3.5,11.435949056845654,1
395000.0,1350,2,2007,19,1493,2.25,7.90606377749069,0
364000.0,1800,3,2011,15,2790,2.5,4.191381421928387,1
240000.0,1481,3,2012,14,2820,2.25,2.896277515315027,1
328423.0,1730,3,2014,12,3600,2.5,8.58590167471326,0
594000.0,2720,4,2005,21,4613,2.75,8.550740377589383,1
425000.0,2320,3,2009,17,2267,2.5,9.871412027252946,1
309620.0,1860,3,2012,14,3730,2.5,3.9340581220923116,1
260000.0,2025,5,2007,19,7760,2.5,5.8633540339189585,1
563500.0,1400,3,2007,19,1312,2.5,1.0,1
975000.0,2620,5,2009,17,5477,3.0,4.917986681817381,0
937000.0,2450,3,1915,111,2691,1.75,8.527911531738342,1
518500.0,1590,3,2010,16,1102,3.5,3.8209138623154058,1
563500.0,2085,4,1964,62,174240,1.75,41.76943938560247,1
1050000.0,3450,4,2007,19,7832,3.5,5.994890682006566,0
350000.0,1780,3,1987,39,16290,2.25,9.230171084664681,1
826000.0,3060,4,2006,20,7140,2.5,2.984925830552998,1
225000.0,1700,3,1945,81,11475,2.0,7.550628348901703,0
235867.0,1330,4,1942,84,5926,2.0,1.0,1
399000.0,3060,4,2001,25,5000,3.0,5.439311525514046,1
177500.0,1220,3,1968,58,6000,1.5,1.3085802688545796,1
224000.0,1600,4,1959,67,9289,1.5,10.475783549640449,1
302000.0,1530,4,1968,58,17664,1.75,10.865022058293533,1
760000.0,1980,3,1959,67,13964,2.5,9.192812945898243,0
460000.0,1730,3,1969,57,8490,2.5,11.261018681478141,1
415000.0,1170,3,1957,69,6700,1.0,3.493250437525488,1
669000.0,1950,2,1952,74,10766,1.75,12.395289593746675,1
254600.0,1470,3,1968,58,20000,2.0,11.796574692781155,1
357250.0,1400,3,1952,74,8840,1.5,6.058334138343161,1
910000.0,4040,4,1987,39,50479,3.5,18.502660441548834,0
725000.0,3110,6,1921,105,5000,3.0,2.681119462765097,1
670000.0,1490,3,1906,120,4400,1.5,3.4064575154169794,0
440000.0,1770,4,1947,79,5750,1.5,4.324230830280899,1
1025000.0,3320,4,1977,49,19850,3.5,7.383066875807955,1
320000.0,950,2,1948,78,5316,1.0,2.893527071719242,1
310000.0,2430,4,2002,24,5499,2.5,9.769049201285975,1
772650.0,2660,4,1955,71,10800,2.5,6.383436798890505,1
669950.0,2670,4,1996,30,11877,2.5,8.43291490507064,1
690000.0,2720,5,1993,33,7598,3.5,4.808545900758959,1
385000.0,3200,4,1970,56,22651,2.5,4.068390098354449,1
663000.0,2480,3,1974,52,37843,2.5,13.378772075174266,1
300000.0,1780,3,1967,59,10395,2.25,1.34223507374067,1
225500.0,1590,2,1972,54,11276,1.75,7.049297861743595,1
320000.0,1550,3,1999,27,34175,2.0,7.73005488350157,1
775000.0,2850,3,1976,50,14800,2.75,13.921827997692425,1
805000.0,2600,3,1929,97,5875,2.75,8.909088166524164,1
252750.0,1230,4,1944,82,7410,1.0,6.799261373814441,0
254000.0,2080,5,1959,67,16117,2.0,12.014520032964006,0
620000.0,3600,6,2004,22,6875,3.5,3.8360520676027923,1
435000.0,2110,4,1962,64,8751,2.75,8.380638136010278,1
460000.0,2550,4,1961,65,19017,2.5,9.40283130115614,0
268000.0,1650,3,1991,35,6684,2.5,7.12886024400101,1
446000.0,1370,2,2008,18,1221,1.5,9.061260500320303,0
285000.0,1010,2,1975,51,7200,1.0,8.637476308339407,1
530000.0,2330,3,1987,39,26571,2.0,11.180370988475069,1
402000.0,620,2,1911,115,2475,1.0,1.0,0
358000.0,2450,3,1967,59,12497,1.5,4.619261114161608,1
354950.0,2530,4,1977,49,7350,2.75,6.101873199212827,1
405000.0,2220,4,2001,25,4652,2.5,6.210517122829954,1
568000.0,2110,4,1979,47,265716,1.75,50.0,0
575000.0,3690,5,1960,66,49709,3.0,22.176830026735264,1
315000.0,1940,4,1977,49,10200,2.5,11.589182165760718,1
280927.0,2070,4,1977,49,7350,2.25,8.27635496117745,1
440000.0,2160,4,1976,50,7826,2.5,6.781310583851234,1
270000.0,2600,4,1965,61,9900,2.25,6.343373090296545,0
755000.0,2880,4,1912,114,4000,2.75,2.944244619933293,1
289659.0,2260,4,1984,42,7200,2.25,6.6724415555565875,1
555000.0,3640,5,2004,22,6930,3.0,7.159257620428252,1
450000.0,1530,3,1952,74,23660,1.5,6.006718273555126,0
1145000.0,2490,3,1918,108,4000,2.5,6.802529251734692,1
495000.0,1440,3,1983,43,11787,1.75,6.891622853525754,1
1250000.0,3760,3,1910,116,8500,3.0,1.0,1
580000.0,1720,4,1975,51,6975,1.75,3.8138449676614936,1
560000.0,2480,4,1959,67,16360,2.5,7.031183399735068,1
1080000.0,3990,4,2008,18,5267,3.5,11.71646297202057,1
450000.0,840,2,1912,114,3340,1.75,7.337659373601275,0
815000.0,2270,3,1968,58,11989,2.0,3.391355292700326,0
354000.0,2580,4,2005,21,5476,2.5,7.553308868252911,0
279900.0,1580,3,1988,38,6620,1.75,1.682088033184903,0
339000.0,950,2,1941,85,7954,1.0,9.838873161661219,1
1340000.0,3190,4,2003,23,5040,3.5,4.594626044546365,1
710000.0,3740,3,1990,36,136915,3.25,32.10209143378248,1
815000.0,2620,4,1949,77,4743,2.75,9.92598994262657,0
800000.0,2080,3,1958,68,75794,1.75,16.29730929424725,1
638000.0,1660,3,1922,104,3729,2.0,1.5544454446610265,0
475580.0,1520,3,1983,43,11085,1.75,5.466202020961986,1
243800.0,1140,3,1981,45,27760,1.0,13.667136553057949,0
600000.0,3240,3,2004,22,8016,2.5,2.0451617735694727,1
620000.0,2460,3,1988,38,41343,2.0,4.772133205668293,1
750000.0,1750,4,1903,123,5080,2.75,4.662523424773004,0
626000.0,2430,3,1945,81,5000,1.75,7.655222399732761,1
230000.0,1060,3,1956,70,9946,1.0,10.589985249216488,0
537000.0,2410,3,1942,84,7479,3.0,5.106315913743803,1
210000.0,720,2,1943,83,8040,1.0,5.373720178651993,0
200500.0,1260,3,1963,63,9346,1.75,10.330902202767241,1
253500.0,1640,3,1954,72,12384,1.0,1.8675749009137386,1
150000.0,1310,3,1962,64,9612,1.0,5.756837674450972,0
440000.0,2120,3,1949,77,6290,1.5,6.829271669775173,1
667000.0,3320,3,1933,93,478288,1.75,50.0,1
660000.0,1210,3,1955,71,9622,1.0,5.394979920427353,1
695000.0,2590,3,1993,33,12063,2.75,7.515923035117524,1
440000.0,2250,4,1989,37,7526,2.5,1.0,1
1388000.0,4040,4,1972,54,20001,3.0,7.0254547629984545,1
219500.0,1090,3,1912,114,6710,1.0,7.702526137663403,1
220000.0,1660,3,1981,45,15600,1.5,5.173117897235962,1
270000.0,1780,2,1954,72,81021,1.0,21.38115266476879,1
900000.0,3370,4,2008,18,5000,3.5,7.340617502408094,1
1990000.0,4480,5,1902,124,5000,3.0,4.972352397426706,1
800000.0,2990,4,1990,36,16809,2.5,8.873191312989713,0
365000.0,2280,5,1924,102,19000,2.0,5.911802304146164,0
1387800.0,2480,3,1950,76,5500,3.0,5.4801661609118595,1
451000.0,2830,5,1967,59,8925,2.75,8.615648508767668,1
202000.0,920,2,1950,76,7569,1.0,6.984718882905303,0
1410000.0,3250,4,1979,47,16684,2.25,6.577206191308194,1
471000.0,1240,2,1924,102,6417,1.75,6.956049212872379,1
827000.0,3230,4,1977,49,12100,2.5,9.563829371909854,1
235000.0,2500,5,1979,47,9583,2.5,1.0,1
216500.0,1390,2,1980,46,4482,1.75,9.373622194867693,0
359000.0,1940,5,1953,73,6654,1.75,5.322035783956784,1
252500.0,1900,3,1991,35,8002,2.0,7.876869799720692,1
370000.0,2380,3,1961,65,14500,1.5,11.491740770935685,1
663000.0,1480,3,1928,98,3876,2.0,1.6601789083086018,0
971971.0,3460,4,2013,13,6738,3.75,4.21927699271736,0
420000.0,1444,3,2008,18,249126,1.75,50.0,1
330675.0,1930,4,2006,20,3031,3.0,3.2549394366267155,1
240000.0,1200,4,1933,93,2171,1.0,10.639009727510425,1
334888.0,1769,3,2012,14,7324,2.5,3.894483718519622,0
414000.0,2490,3,2012,14,4540,2.5,4.2413596615394,0
782900.0,3060,4,2014,12,3898,3.25,6.392767094808931,1
525000.0,3030,4,2011,15,6625,2.75,2.7185514217717337,1
429900.0,2370,3,2009,17,5353,2.5,4.883557864731208,1
390000.0,1370,3,2006,20,913,3.25,6.134959783750525,1
224000.0,1500,3,2014,12,11968,1.75,6.395018786852466,1
257500.0,1715,3,1995,31,6819,2.25,6.083639423300155,1
665000.0,1110,2,1925,101,3200,1.0,4.0520036626548865,1
327000.0,2400,5,1998,28,8050,2.75,2.0665890724577,1
425000.0,1520,3,1988,38,213444,1.0,48.65357963401772,1
687500.0,3190,4,1994,32,10970,2.75,12.458799214941724,1
672500.0,2400,3,1939,87,5300,2.25,6.115204892350315,1
140000.0,1060,3,1959,67,7473,1.0,7.170392351742649,1
215500.0,1220,2,1972,54,15600,1.75,10.19816826535058,0
464900.0,2020,4,1979,47,8424,2.25,2.8768085103599024,1
417000.0,2300,4,1959,67,7700,2.25,11.647543974388817,1
453000.0,2300,4,1979,47,37533,2.75,13.113586389268406,0
700000.0,1660,3,2002,24,1545,2.5,10.204570697267327,0
1619999.0,3900,4,1972,54,9750,3.0,4.750901013428032,0
259500.0,1650,3,1957,69,12349,1.75,12.923985767673475,1
460000.0,2110,4,1985,41,35091,2.5,14.34366648210435,1
561500.0,1960,3,1939,87,6380,1.75,7.935120257557076,0
641000.0,2770,4,1997,29,63118,2.5,18.325673363059444,1
330000.0,2440,4,1978,48,7350,1.75,5.7244141457766515,1
447000.0,1320,2,1953,73,8380,1.0,10.277594975421618,1
320000.0,2570,4,2005,21,4865,2.5,6.394079609544141,0
212700.0,940,2,1926,100,5040,1.0,1.0,1
260000.0,700,2,1922,104,4800,1.0,2.608440614878993,0
410000.0,1400,3,1981,45,45738,2.0,13.59006274342176,0
355000.0,1890,4,1996,30,7867,2.5,7.503396949496665,1
275500.0,720,2,1951,75,11400,1.0,7.110234533300312,0
415000.0,2410,3,1967,59,8944,1.75,10.44571236938099,1
279000.0,1630,3,1985,41,7950,2.5,1.0,0
350000.0,2330,5,1968,58,14322,1.75,8.295163809515481,1
355000.0,1330,2,1985,41,10838,2.25,1.7136623238385358,0
750000.0,3190,4,1984,42,11597,2.25,9.598536886452505,1
235000.0,1400,3,1998,28,6300,1.75,5.976623856673991,0
209950.0,970,3,1967,59,9583,1.0,8.175429916072353,1
230000.0,1010,3,1969,57,9600,1.75,4.328351118230701,1
725000.0,3580,3,1990,36,54450,2.5,19.728394794973255,0
430000.0,1050,2,1927,99,2570,1.0,8.639173992176554,0
661500.0,2500,5,1977,49,7200,2.5,8.190632909035662,1
738000.0,2630,3,2006,20,4896,3.0,5.590648259409678,1
1820000.0,6640,4,1993,33,53330,4.5,17.4055718558854,1
221000.0,910,3,1966,60,8789,1.0,4.637122296037953,0
665000.0,2610,3,1988,38,35000,2.5,14.566666977062136,0
255000.0,1720,3,1998,28,6194,2.5,11.187242682971762,0
1195000.0,3650,5,1969,57,13297,2.75,10.871231679937559,1
355000.0,2040,3,1980,46,22693,1.75,7.349792590577771,1
755000.0,3260,5,1950,76,24300,2.5,10.944251951819307,1
300000.0,1590,3,1956,70,8911,1.5,2.9027753687240563,0
500000.0,1440,4,1906,120,7100,1.0,8.137170933527027,1
191000.0,900,2,1905,121,3400,1.0,7.0318102385876164,0
315000.0,3120,6,1993,33,4240,4.0,1.0,1
415000.0,1060,3,2000,26,1536,2.5,1.8218484682629086,1
394000.0,3000,4,2002,24,9793,2.5,6.1091833097686985,1
490000.0,2230,3,2000,26,5348,2.5,5.167020758577522,1
523460.0,1890,5,1906,120,5000,1.75,2.371569193743584,1
550000.0,4150,4,2006,20,16197,3.5,9.406336188056551,1
342000.0,1780,3,1981,45,10409,1.75,7.836220826821536,1
560000.0,2710,4,2003,23,6583,2.5,5.733792604064442,0
1050000.0,4390,4,2003,23,13833,4.25,5.499225499524911,1
710000.0,1640,2,1916,110,4080,1.5,8.962121379249691,1
1020000.0,1670,3,1903,123,4800,2.25,10.926221339264885,1
399950.0,2570,3,1989,37,10431,2.5,5.635515548460388,1
480000.0,1500,2,1902,124,3420,1.0,3.847499248535538,0
410000.0,2710,3,1950,76,19000,1.0,10.27362299623599,1
530000.0,2860,4,1978,48,48351,1.75,13.596111860759041,0
528000.0,840,2,1937,89,40642,0.75,12.710208398010296,0
469900.0,2990,4,1991,35,8913,2.5,9.001559455174014,1
397000.0,1170,5,1944,82,6757,1.0,1.0,1
718500.0,1200,3,1952,74,6240,1.5,10.202906974558008,1
195000.0,1020,2,1940,86,8100,1.0,6.838041572988024,1
285000.0,910,2,1948,78,8155,1.0,5.396520566313459,0
295000.0,700,1,1907,119,2500,1.0,5.232297537335653,0
602000.0,2420,4,1981,45,37800,1.75,12.447288065061555,1
235000.0,1950,3,1960,66,8712,1.75,1.548796089665224,1
465000.0,3060,4,2012,14,6000,2.5,10.684814682359708,1
234000.0,1390,4,1955,71,18000,1.0,8.723976896811855,1
504200.0,1200,2,2008,18,1687,1.5,6.666406391342125,1
710000.0,2440,3,2003,23,4153,2.5,8.685249311722128,1
589500.0,2310,3,2005,21,3075,3.25,2.5515126273190996,1
415000.0,2600,3,2009,17,64626,2.75,19.345615697105686,0
735000.0,1490,3,2011,15,1212,2.25,4.439476727303619,0
427000.0,2432,3,2005,21,9391,2.5,9.41851232564948,1
982000.0,3610,4,2014,12,8580,2.75,1.0,1
459000.0,2530,4,2013,13,10000,3.0,6.702717099276193,0
483453.0,2790,4,2014,12,5527,2.75,4.296938032648114,1
246950.0,1670,3,2014,12,4440,3.0,7.184788851902466,1
235000.0,1170,1,2007,19,1456,1.5,6.701332562104606,1
288790.0,1350,4,2008,18,942,2.0,3.0655223155339213,1
229800.0,1110,2,2014,12,1773,1.75,3.218078407471869,1
516500.0,1100,1,2014,12,638,1.25,4.7956038943280115,0
1600000.0,2820,3,1930,96,7200,4.25,3.7500733180543753,0
234000.0,1040,3,1983,43,8128,1.0,9.151551086356381,0
230000.0,1910,2,1980,46,3376,1.75,4.567578398657662,0
300000.0,1370,4,1949,77,8499,1.0,1.0,1
470000.0,1500,3,1927,99,5000,1.5,4.875533830134581,1
339900.0,1200,3,1969,57,9087,1.0,3.701768537468083,0
650000.0,1050,2,1904,122,2542,1.0,1.0,0
585000.0,2670,5,1920,106,16777,2.5,4.643120085332282,1
699900.0,2190,4,1972,54,11500,2.5,7.62822541549891,0
598000.0,3130,4,1994,32,40918,2.5,17.169522484744693,1
475000.0,1700,3,1998,28,9100,2.5,7.759553421594941,1
314500.0,1700,3,1978,48,17355,1.75,6.6514898353527805,1
397000.0,1360,3,2007,19,1275,3.5,6.622712585512108,1
345000.0,1610,3,1986,40,15005,2.0,6.623729069343025,1
325000.0,2130,5,1991,35,6222,2.75,4.160598892510566,1
265000.0,1800,3,1957,69,7650,1.0,3.066911995301047,1
402000.0,2950,4,1974,52,15540,2.75,2.8525135797448433,1
835000.0,2120,3,1964,62,54014,2.25,14.633028880321664,1
780000.0,3500,4,2005,21,7048,2.5,6.883760469760396,0
250000.0,1440,3,1965,61,9220,2.0,6.554128989955331,1
1200000.0,2120,4,1905,121,3360,2.0,4.424099216157924,1
935000.0,1780,2,1974,52,2067,2.5,2.576161817909657,1
300000.0,960,2,1947,79,8153,1.0,8.455338575054906,1
419000.0,1510,2,2006,20,4980,1.75,2.0446042401602456,0
410000.0,1010,1,1911,115,5750,1.5,8.478083741530426,0
1165000.0,3790,3,1989,37,5001,3.0,2.9935489432198255,0
461000.0,3600,3,1948,78,8666,1.75,4.475894287940895,1
385000.0,1300,3,1968,58,7030,1.75,2.0056444281529684,1
669500.0,2500,4,1940,86,4046,2.25,4.30499355934309,1
491950.0,2090,3,1958,68,10733,2.25,10.072537375433935,1
1230000.0,2200,3,1948,78,14630,1.75,9.472884265331869,1
560000.0,2070,3,1955,71,15002,2.25,10.935666336084104,1
370000.0,1320,3,1982,44,7341,1.0,8.034627637801806,1
263400.0,1360,4,1960,66,60548,2.0,13.798590514408893,1
100000.0,930,2,1942,84,7623,1.0,5.5322323270173275,0
289950.0,1760,3,1937,89,8584,2.5,4.376202612647612,1
263000.0,1410,3,1985,41,8100,1.75,10.61172471211712,1
397500.0,2570,4,1992,34,7859,2.5,2.9814340607210648,1
245000.0,1300,3,1996,30,14197,2.75,10.520493068167333,1
535000.0,1580,3,1925,101,6300,1.0,8.938861610326308,1
449000.0,2960,4,2005,21,6031,2.5,11.69506060514826,0
490000.0,2330,4,2003,23,3497,3.0,4.470340222111508,0
445800.0,2070,4,1977,49,39446,2.25,15.026166478740485,1
345000.0,970,2,1932,94,5750,1.0,12.994955509616528,1
327500.0,2310,3,1990,36,7200,2.25,4.587074969198909,1
436500.0,2290,4,1988,38,11173,2.5,2.629479257402921,1
550000.0,1720,3,1967,59,9600,2.25,1.2799698982767094,1
441000.0,1190,2,1919,107,3400,1.5,7.818136086583994,1
406500.0,870,2,1947,79,5750,1.0,1.0,1
243000.0,1068,2,1990,36,1758,1.5,4.234642841186232,0
359500.0,2140,4,1993,33,10316,2.75,8.375139561116882,1
760000.0,3300,4,1984,42,165528,2.5,38.661126610489745,1
1925000.0,4830,5,1914,112,8050,4.25,7.886334592552517,1
408000.0,2820,5,1906,120,6589,3.25,6.9846695674025625,1
480000.0,2440,4,1981,45,9664,3.0,10.76939743994018,0
875000.0,1800,4,1929,97,3245,1.5,2.792050857783609,1
308000.0,1010,3,1954,72,8800,1.0,4.729014584624406,0
880000.0,3220,4,1931,95,4392,2.75,3.560421664187528,1
1730000.0,5000,5,2008,18,26540,3.5,12.79857543558783,1
170000.0,1200,2,1976,50,24792,1.0,12.659595765185191,0
491500.0,1470,3,1985,41,4322,2.25,7.2180759579555245,1
515000.0,2600,3,2003,23,4506,2.5,9.451681000669783,0
550000.0,2750,4,1958,68,128502,1.5,27.166277397870857,1
255000.0,1320,2,1919,107,9967,1.0,11.995072334653411,0
635000.0,3350,3,2005,21,4007,2.5,10.371115865136776,1
850000.0,2650,3,1920,106,2387,2.5,7.684265991737241,0
265000.0,1860,2,1952,74,10856,2.0,12.516596726313178,1
349810.0,960,3,1958,68,8855,1.0,1.801130376966678,0
972000.0,2010,4,1937,89,6300,1.75,4.686655591212045,0
235000.0,900,2,1928,98,28800,1.0,8.554089617954142,1
330000.0,2340,4,1997,29,11784,2.5,9.52123797127203,0
500000.0,3720,4,1979,47,15048,3.0,4.859177781193562,0
570000.0,1890,3,1949,77,29185,2.0,13.109485448012457,1
1309500.0,2680,4,1956,70,12215,2.5,11.55460843199014,1
544000.0,1460,3,2007,19,1613,2.5,7.408208700251997,1
439000.0,3180,3,2006,20,7904,2.5,7.432053070984503,1
530000.0,1980,4,1981,45,15086,2.25,5.053579977297751,1
427500.0,1090,2,2008,18,934,2.0,2.646247101623906,1
337000.0,2230,4,2002,24,5970,2.5,9.942856715889999,1
1095000.0,3330,4,1995,31,9143,2.75,9.166647011715996,1
435000.0,1880,4,1904,122,3840,2.0,5.650941441867367,1
765000.0,2870,5,1964,62,5700,3.0,4.8862713627023275,0
492650.0,2120,4,1967,59,9786,1.75,1.0,1
383962.0,2700,4,2001,25,6998,2.5,3.187042743946683,1
950000.0,3670,4,2007,19,7680,2.5,12.27025726141917,1
457000.0,1220,3,2008,18,1330,2.5,1.4246332869925995,0
1510000.0,4390,5,2007,19,11250,3.25,7.818439463663242,0
882566.0,3560,4,2014,12,5265,2.5,9.075331919585595,1
963000.0,3530,4,2007,19,8589,3.25,2.953031995993123,1
345000.0,2280,4,2006,20,5000,2.5,6.55413142434325,0
2065000.0,4350,4,2013,13,7965,3.75,9.406746612531965,0
800000.0,3830,3,1993,33,221284,3.5,49.294297965721746,0
314500.0,2050,3,1993,33,13303,2.0,16.265809167000306,0
530000.0,3660,3,1989,37,39478,2.5,7.889802223365415,1
650000.0,3350,4,2004,22,46748,2.5,17.525785589651637,1
349500.0,1270,3,1963,63,3600,2.0,5.201594787810606,1
1198000.0,3400,4,2008,18,3850,3.5,8.085760464510024,1
165050.0,1200,3,1959,67,8514,1.0,8.026721455097737,0
580000.0,2200,3,1978,48,11000,2.5,5.00053140867001,1
330000.0,1680,3,1959,67,11312,2.5,7.94938917737802,1
875000.0,3840,5,2001,25,8279,3.5,1.082095645805139,0
500000.0,950,2,1926,100,4500,1.0,7.709742501714182,1
445000.0,2280,4,1994,32,42077,2.5,14.309875397971577,0
274900.0,1970,4,1987,39,6600,2.5,8.235980505929307,0
219950.0,1620,3,1967,59,9310,1.5,10.03635497526145,1
691500.0,2600,4,1962,64,7200,2.5,7.542859520629133,1
459500.0,1250,2,1929,97,3825,1.0,6.209268259394828,1
955500.0,2130,4,1914,112,5080,1.75,3.372794990016123,1
328950.0,2550,4,1978,48,8976,1.75,4.658537709052847,1
307000.0,1150,3,1927,99,6000,1.0,9.760203860531993,1
382500.0,1040,3,1967,59,9000,1.75,11.109006217117935,0
1150000.0,3340,4,1996,30,10422,2.5,6.370068691063838,1
1297000.0,2630,6,1900,126,9420,2.75,7.022008241759822,1
478000.0,1640,3,1994,32,3896,2.25,3.0653568750187024,1
260000.0,770,2,1948,78,7906,1.0,10.099470535802334,0
850000.0,4350,4,2006,20,112750,3.25,29.546250471075336,0
616000.0,1700,4,1957,69,5846,1.75,11.992852309391248,1
540000.0,2050,3,1984,42,9580,1.75,4.281030768460784,1
300000.0,1660,3,2001,25,5128,2.25,4.8915763029453485,0
507500.0,1990,3,1977,49,9594,1.75,7.613137767576717,0
3800000.0,7050,5,1978,48,42840,5.5,15.507468613177311,1
241000.0,1770,3,1986,40,7000,2.0,5.7529970873571035,1
485000.0,2440,3,1991,35,47916,2.25,11.964316728638899,1
695000.0,2620,3,1998,28,51354,2.5,17.915022586770714,0
548000.0,2440,4,1994,32,11005,2.5,9.364406087636745,0
345000.0,1080,2,1955,71,7775,1.0,3.806177698308825,1
280000.0,1090,3,1962,64,10710,1.0,11.208328403316486,0
450000.0,1400,3,1963,63,13775,1.75,11.265596127589811,1
515000.0,2010,3,1994,32,7200,2.5,6.842889491743378,1
1014250.0,1640,3,1920,106,12855,1.0,7.809793587128109,1
739900.0,3290,5,2004,22,5029,2.5,7.667973313347721,1
600000.0,2510,2,1990,36,14878,2.5,5.390490789231226,1
370000.0,860,2,1952,74,6050,1.0,6.3000944374922465,1
729032.0,2840,4,1977,49,12866,2.5,1.1160493661724589,1
510000.0,1750,3,1934,92,7020,1.75,9.033366936508806,0
425000.0,1300,3,1964,62,19163,1.5,4.148120332674421,0
1080000.0,3890,3,1967,59,7216,2.75,10.953459485286997,1
337000.0,1460,3,2006,20,941,2.25,4.197839718100649,0
563000.0,1410,4,1911,115,3376,1.0,5.04019905420647,1
1695000.0,3770,4,1924,102,10900,2.75,5.296798281746483,1
245000.0,1190,3,1907,119,4072,2.0,4.950283378233771,0
590000.0,1410,3,1947,79,6413,2.0,10.53819403544411,1
695000.0,2500,3,1922,104,4080,2.0,1.0,1
402500.0,800,2,1946,80,2280,1.0,9.286896158264565,1
435000.0,2530,3,1993,33,13446,2.5,8.703270443305124,0
660000.0,2570,3,1983,43,28500,2.0,7.078935056428353,1
300000.0,2090,3,1987,39,9620,2.75,3.698062820852286,0
600000.0,2980,5,1960,66,7781,2.25,11.585379081624609,1
205000.0,1170,3,1981,45,8239,1.75,3.8112793601718065,0
357500.0,2080,3,2004,22,5100,3.5,2.5599484682121214,0
1110000.0,3350,5,1997,29,4000,3.25,9.211943627094188,1
332888.0,1050,2,2007,19,1029,2.5,6.221458628857743,1
174000.0,900,2,1979,47,13531,1.0,4.892423270390804,1
515000.0,1050,2,1907,119,5000,1.0,6.649874926213857,0
392000.0,3740,5,1958,68,32481,2.25,8.41894194907917,1
485000.0,1430,4,1900,126,4096,1.75,9.121664195267815,1
217500.0,1400,3,1984,42,9546,1.75,10.093312894619402,1
502000.0,1600,3,1983,43,45613,2.25,15.718618596465829,0
820000.0,2880,3,1989,37,9750,2.25,8.03498318374105,1
1640000.0,3140,3,1913,113,5445,3.25,11.37256437460212,1
102500.0,820,2,1937,89,4320,1.0,5.8630589821646755,1
925000.0,5190,5,2001,25,12637,5.5,3.981777623737597,1
540000.0,2180,4,1968,58,10140,2.5,8.376421738496921,1
600000.0,910,2,1900,126,2002,1.0,11.658541148611341,1
406000.0,1580,4,1928,98,8475,1.0,3.6507215204424437,1
620000.0,2130,4,1948,78,6325,3.0,5.1806116999180425,0
1060000.0,4570,4,1990,36,16015,2.5,9.452338114304357,0
401000.0,1240,3,1984,42,11172,2.0,7.072685452982783,1
725000.0,1860,3,1959,67,6000,1.75,3.2530892588680564,0
276000.0,370,1,1923,103,1801,0.75,8.725773568691412,0
500000.0,3130,5,1975,51,12087,3.25,14.37752216605178,0
375000.0,2530,3,1977,49,35150,1.75,12.618394377071724,1
2300000.0,3970,4,1928,98,9778,4.75,4.243395130791999,1
260000.0,1920,3,1961,65,9680,2.25,2.2891184248395753,0
1565000.0,2970,4,1918,108,12750,2.75,8.323927943663543,0
431000.0,2300,4,2001,25,6087,2.5,9.529032029948773,1
321000.0,1830,4,2003,23,9601,2.5,8.345703239486145,1
433000.0,1550,4,1963,63,5053,1.5,6.003388477243439,1
920000.0,4080,4,2005,21,10666,3.5,5.365385044632082,1
482000.0,1710,3,1989,37,21485,2.25,6.0205091018457315,1
712000.0,2375,3,2002,24,4094,2.5,8.323053978974645,1
505000.0,2200,4,1962,64,9778,2.75,9.696914864156756,0
2367000.0,3530,3,1930,96,17450,2.25,3.8528106399278013,1
452000.0,1110,3,1966,60,9012,1.75,11.571916934542053,0
581000.0,1630,4,1921,105,2566,1.0,7.235413662682005,1
952500.0,2550,4,1910,116,5055,1.5,10.20978393543738,1
808000.0,2500,4,1987,39,8866,2.25,2.746816754544655,1
476000.0,2890,4,1945,81,6885,3.0,2.279527533753683,1
535000.0,1420,4,1945,81,5000,1.75,5.553092070698109,0
1356925.0,4270,4,1937,89,5800,3.5,7.668353280685583,0
629800.0,2390,3,2008,18,1984,2.5,10.78588246878089,1
417838.0,2530,4,2014,12,5048,2.5,8.127836741445394,1
399895.0,2701,4,2014,12,4500,2.5,5.1719561695639005,1
825000.0,3990,4,2003,23,6637,2.75,3.2482923770023238,0
300000.0,2303,4,2006,20,3826,2.5,9.45520171815745,0
640000.0,1540,2,2007,19,965,2.25,2.2988837227478554,1
460000.0,1450,3,2008,18,1053,2.5,10.096005664316966,0
525000.0,1160,2,2012,14,1458,2.5,4.438446051180472,0
499990.0,2910,4,2013,13,6334,2.75,11.03854621785355,1
1020000.0,3770,4,2008,18,8501,3.5,8.736993870177834,1
675000.0,2900,5,1985,41,10300,2.25,6.649013531672626,0
512031.0,1540,3,1920,106,3000,1.75,4.04181088452162,0
310000.0,700,2,1918,108,3000,1.0,4.57727636796176,0
1075000.0,3280,3,1970,56,10302,2.5,8.345350077125712,1
255000.0,2430,4,1960,66,8960,2.0,7.02346948865315,1
435000.0,1900,3,1993,33,7984,2.5,4.815365775793884,1
453000.0,1660,3,1983,43,15050,2.0,7.513105769047103,0
260000.0,1620,4,1975,51,7992,2.0,6.83413108915745,1
659000.0,2090,4,1951,75,10800,2.0,1.0,1
223000.0,1110,3,1991,35,7231,2.0,7.820704344366096,0
851000.0,3760,5,1984,42,9792,3.25,4.01923632584958,1
605000.0,2080,3,1973,53,12134,2.25,3.966802790382765,1
895000.0,1950,4,1947,79,5950,2.25,1.1279669586678684,1
519000.0,2570,5,1950,76,13054,2.25,2.2291225063963287,1
535000.0,2330,3,1983,43,12141,1.75,3.361857490663133,1
489000.0,3700,3,1982,44,10375,3.0,4.947937127108529,1
250000.0,1920,3,1965,61,7738,2.25,12.407377412579706,0
580000.0,1900,3,1905,121,3960,2.25,4.214360972314388,1
1038000.0,1440,4,1967,59,13296,1.75,8.192450318804095,0
605000.0,2940,4,1961,65,48788,2.25,15.959044159518985,0
599950.0,2500,4,2008,18,3080,3.5,6.009195558647546,1
700000.0,2490,3,1993,33,23891,2.5,9.545869617822019,1
480000.0,1470,3,1956,70,10052,2.0,3.4245187092022666,0
329950.0,2120,4,2002,24,4558,2.5,10.264382644837635,0
250000.0,1200,3,1984,42,24805,1.75,15.382589930913657,1
345000.0,2450,5,2002,24,6994,2.5,1.350823917631942,1
175000.0,1780,4,1991,35,6000,2.5,3.1279142273408613,1
185000.0,1590,5,1942,84,6700,1.0,5.500568972868981,0
411000.0,2370,4,1978,48,76665,2.0,17.439386615269424,1
690000.0,1760,3,1922,104,4000,1.5,7.3178966603675955,1
265000.0,1940,4,1948,78,8170,3.0,4.449183392780161,0
720000.0,3550,4,1990,36,12327,3.0,13.960568203419808,1
256000.0,2050,4,2002,24,5787,2.5,9.729045783030788,1
255000.0,1680,4,2002,24,3179,2.25,6.273522091896645,1
540000.0,1320,3,1994,32,1800,2.25,8.440958789959197,0
481015.0,1550,3,1987,39,5511,2.25,9.419901273071927,1
575000.0,2680,3,1974,52,8625,1.75,5.03315753582527,0
339950.0,2390,3,1984,42,34041,2.5,9.359548266374105,0
475000.0,2040,4,1963,63,7260,2.5,6.686429188908942,1
732000.0,2670,3,1977,49,6517,3.75,8.888308373493832,1
860000.0,1880,4,1924,102,3720,1.75,6.1611811959602525,1
389000.0,2400,4,1927,99,7700,1.75,1.809010553427009,1
645000.0,2270,3,1956,70,11472,1.75,4.885926668147473,0
475000.0,1850,4,1981,45,5444,2.5,5.866881409216866,0
550000.0,2160,4,1987,39,5005,2.75,5.774003187022509,1
305000.0,2160,2,1968,58,12960,1.0,13.509626530369424,0
782000.0,1570,2,1906,120,3600,1.5,1.5620361728030057,0
545000.0,1340,3,1923,103,7200,2.0,7.956767725507623,0
394500.0,3002,4,2004,22,6042,2.5,10.675739324984868,1
600000.0,2190,5,1965,61,9072,2.0,13.628749236268387,1
1300000.0,2610,4,1966,60,21600,1.75,8.106807730448116,1
300000.0,1010,2,1947,79,11919,1.0,8.8580883581606,0
330000.0,2105,4,2003,23,6093,2.5,7.927881071595941,1
723000.0,2430,4,1928,98,4748,2.25,6.536045194659873,1
2271150.0,4040,4,1954,72,18916,3.25,8.486664396282082,1
480000.0,2160,5,1998,28,7737,2.5,7.855326168500137,1
496000.0,900,2,1946,80,9260,1.0,1.0,1
625000.0,1820,3,2006,20,1641,3.0,7.374408470187894,1
475000.0,2100,4,1962,64,13468,2.0,8.072133710985902,1
275250.0,1520,3,1992,34,7199,2.25,5.772375309665204,1
253000.0,1310,2,1980,46,7128,1.0,12.566186587158674,0
630000.0,2190,4,1979,47,9880,2.5,4.951197943628343,1
660500.0,2950,5,1918,108,5500,2.5,4.890772032804907,1
262000.0,1870,5,1962,64,7800,1.0,12.534659906614202,1
2147500.0,4660,3,1909,117,5500,3.5,3.60381608545043,1
552000.0,1840,3,1978,48,9900,2.5,5.329654151190384,1
1411600.0,3180,2,1985,41,9400,2.5,6.43892372970745,0
736000.0,1500,2,1933,93,4000,1.0,8.322203446388649,1
355000.0,1730,3,1954,72,7416,1.75,7.1066075220599405,1
305000.0,1580,3,1962,64,7424,1.0,2.606923958543212,1
484998.0,1540,4,2014,12,1870,2.5,3.7774943106184313,1
1054690.0,3390,4,2014,12,3979,3.5,3.9737367003633657,1
334500.0,830,2,2005,21,1858,1.5,5.139936864330863,0
475000.0,2620,4,2013,13,6178,2.75,7.513130975889487,1
309780.0,2242,3,2014,12,4500,2.5,7.154617267663917,1
795000.0,2890,4,2005,21,7798,2.5,1.231564737854793,1
274500.0,1450,3,2010,16,4050,2.25,9.001822962682569,0
265050.0,800,2,2008,18,2119,1.5,6.18150653798987,0
567500.0,2280,3,2006,20,2502,2.5,9.653996142781718,1
915000.0,3850,3,2013,13,62726,4.5,18.877794981872018,1
285000.0,2270,5,1995,31,6300,2.5,9.563968873207287,1
445838.0,2250,3,2000,26,5692,2.5,7.538035934350381,1
304900.0,2600,4,1969,57,11325,1.75,11.303677268608245,1
940000.0,2490,4,1968,58,9525,2.0,8.471751908053335,1
1127000.0,3160,4,1995,31,8281,2.5,6.362454260671288,1
835000.0,4930,4,2005,21,25714,4.25,16.960104161340645,1
290000.0,1440,3,1967,59,11250,1.0,9.917111366839677,1
250000.0,1770,3,1959,67,8868,1.75,8.49483326301324,1
342000.0,2300,4,2001,25,6448,2.5,2.4606867503849923,0
1012000.0,2980,4,1989,37,16263,2.5,4.387677147609388,1
400000.0,2230,4,1963,63,7200,2.25,7.31814644642556,1
312500.0,1830,3,1950,76,7969,1.75,7.030363593304722,1
267000.0,1740,3,1962,64,10875,1.0,5.332632304975052,1
575000.0,1530,3,1955,71,6743,1.75,6.77154809883618,1
810000.0,1520,3,1954,72,9041,1.5,11.57408078413079,1
850000.0,3230,3,1945,81,5000,2.5,8.086207423650896,1
1015000.0,3620,3,2005,21,4000,3.25,2.376974470741785,1
1100000.0,5070,4,2000,26,60123,3.75,16.690073518571168,1
240000.0,1570,3,1960,66,8750,1.75,4.335100557442317,0
198000.0,2080,4,1966,60,7200,1.75,5.276900250774316,1
565000.0,2230,4,1969,57,8624,2.5,5.483953003111072,1
1195000.0,3420,5,1952,74,18129,3.0,7.192863252187984,1
340000.0,2790,8,1977,49,6695,2.75,2.573593884079816,1
815000.0,3150,4,2002,24,4203,2.5,5.45763595544543,0
1875000.0,3930,4,2006,20,10929,3.25,5.50397708945807,1
588000.0,2190,5,1940,86,4900,3.0,1.0,1
280500.0,1890,4,1997,29,6962,2.5,12.551316073504989,1
390000.0,1900,4,2004,22,76877,2.0,23.641708962650014,0
509000.0,1930,2,1989,37,3521,1.5,4.575297825225012,0
490600.0,3316,3,1986,40,11447,2.5,7.3458571492217954,1
650000.0,1380,3,1960,66,4500,1.5,2.3850369580473147,1
715000.0,2080,3,1997,29,2250,4.0,10.537168633432596,1
529950.0,1240,3,1909,117,5000,1.0,11.691866084319335,1
265000.0,1020,3,1959,67,8610,1.0,7.192081184739573,0
1755000.0,2360,3,1909,117,4800,2.0,9.030591932556034,1
1140000.0,2780,3,1969,57,33503,2.5,12.226460336801772,1
610000.0,2300,3,1955,71,13418,2.0,3.6734236833722083,0
554729.0,2020,4,1943,83,4350,2.5,4.634529893109028,0
395000.0,1840,5,1948,78,10453,1.75,7.486383900315872,1
341000.0,1390,3,1908,118,4814,1.0,4.599156843769667,0
264500.0,2060,4,1962,64,11385,2.25,6.6210401676948925,1
395000.0,2640,4,1963,63,35070,2.75,11.739801327472655,0
640000.0,1980,3,1959,67,10115,2.25,6.7803645064036155,0
430000.0,1810,3,1958,68,5080,1.5,6.17277547149245,1
410000.0,1700,4,1972,54,9000,2.5,3.618184800810197,1
220000.0,1200,4,1923,103,6000,1.0,4.048951552616192,0
1625000.0,2980,4,1999,27,3600,3.25,1.8662472029000918,1
405500.0,1350,2,2006,20,1252,2.75,8.183846649058601,1
633000.0,2360,4,1977,49,10000,2.5,1.0,0
295950.0,1190,2,1948,78,6200,1.0,9.700771029950776,1
1042031.0,4110,4,1978,48,43560,5.0,17.87104819178853,1
605000.0,2800,4,1970,56,10786,2.5,6.250658239052135,0
255000.0,920,2,1995,31,1598,1.5,1.0,0
474000.0,1530,3,1978,48,8000,1.75,5.516068314098128,1
370000.0,860,2,1956,70,5040,1.0,5.815447516133542,1
288000.0,1520,3,2004,22,3593,2.5,2.68680534021326,1
100000.0,660,2,1912,114,5240,0.75,4.502344818575272,1
1150000.0,3580,5,2000,26,8921,2.5,11.374785596590055,1
600000.0,3000,5,1975,51,13899,2.25,9.774581486905223,1
515000.0,2740,5,1977,49,9629,3.25,4.1521076568657005,1
345000.0,2040,4,1999,27,5523,2.5,1.3118024912137027,1
975000.0,2520,6,1954,72,54160,2.75,14.850948047170688,1
850000.0,2470,3,1961,65,8800,2.0,6.119629661948685,0
439990.0,1930,3,2005,21,1348,2.5,6.758197562089949,1
554950.0,2950,3,2006,20,10254,2.5,5.444849862297024,1
605000.0,2610,3,2001,25,6405,2.5,7.815498726085584,1
609000.0,1630,3,2014,12,1526,1.75,11.110662120180688,1
425000.0,1400,3,2007,19,1022,1.5,7.650903067332788,1
399900.0,1410,2,2011,15,1005,1.75,5.056734478007682,1
1025000.0,4370,4,2008,18,10860,3.5,6.622548586840116,1
2351956.0,5010,4,2014,12,19412,4.25,7.812380597460387,1
519995.0,2590,4,2014,12,6160,3.0,9.773922737356434,1
625000.0,1300,3,1960,66,7200,1.5,4.558059662146091,1
600000.0,2320,3,2003,23,7609,2.5,6.657468126999947,1
1200000.0,2700,4,2004,22,4275,2.5,6.008593705643256,1
1738000.0,2920,4,1937,89,6513,2.25,4.7972474215654035,1
671000.0,3130,4,1953,73,5700,3.0,2.0226033563476973,1
459500.0,1470,3,1984,42,4950,1.75,6.958923510853005,1
499000.0,1540,3,1995,31,1326,2.5,5.08218808443385,1
1280000.0,3160,4,1917,109,4620,2.5,7.4247214083097095,1
395000.0,1480,3,1975,51,7700,1.75,4.939199080682499,1
861990.0,3595,5,2014,12,5639,2.75,9.790263896439143,0
382500.0,1190,2,1981,45,4440,1.0,3.2576786563644653,0
404950.0,2340,4,1982,44,217014,2.25,50.0,1
530000.0,1320,3,1918,108,2500,1.75,1.0,1
195000.0,1190,2,1910,116,27007,1.0,11.705710193670672,1
747500.0,2350,4,1977,49,18600,2.25,10.146292047579871,1
199990.0,1100,3,1961,65,8560,1.0,4.325328796177352,1
548800.0,1660,4,1930,96,4704,1.0,7.213981813583038,1
870000.0,3040,4,1923,103,36246,3.0,16.087756009280476,1
588000.0,1860,3,1908,118,4777,2.0,1.0,0
775000.0,4100,4,1981,45,241322,3.25,50.0,1
670000.0,4050,6,1970,56,36171,3.0,4.754387539009769,1
445000.0,1240,2,1985,41,2500,2.0,2.603005589430376,0
300000.0,2200,4,1960,66,10800,3.0,12.047499094702836,1
480000.0,1680,3,1959,67,9090,2.25,5.0726538998238375,1
300000.0,930,3,1919,107,5160,1.0,2.5103601067730823,1
360000.0,1800,3,1931,95,22000,1.5,8.806186813045954,1
527000.0,3000,6,1979,47,8401,3.5,12.883919014490656,1
875000.0,1820,3,1952,74,12686,1.5,2.042153258381922,1
266000.0,1995,4,1981,45,7102,2.25,3.266470265081966,1
866000.0,3990,4,2004,22,9786,3.25,11.449495049538879,0
335950.0,800,2,1951,75,5192,1.5,11.611507030613197,1
215000.0,960,3,1967,59,9563,1.0,6.602306327129148,0
481000.0,2286,4,2002,24,8269,2.5,2.936641892420073,1
320000.0,2220,3,1950,76,11646,1.75,13.616730505427476,0
295000.0,1940,3,1918,108,7500,1.75,11.28332717524759,1
295000.0,1640,3,1908,118,7222,1.5,8.481240963286698,1
320000.0,1120,3,1969,57,10576,1.0,4.67799295318774,0
780000.0,2600,4,1953,73,4800,2.0,5.81291197748589,1
437500.0,1490,3,1948,78,4800,2.0,5.4789197568655075,0
443000.0,1650,5,1902,124,3000,1.75,6.592553913846733,1
575000.0,2400,4,1990,36,6137,2.5,10.58040431439401,1
245000.0,1500,2,1926,100,6685,1.0,8.97525112341221,1
450000.0,1990,3,1993,33,12793,2.5,4.3264717690457255,0
536000.0,1130,2,2009,17,746,1.5,9.278689350058613,1
685000.0,2030,3,1980,46,11070,3.25,8.153396420039467,0
373000.0,1590,4,1960,66,7920,1.75,8.645197387576749,0
450000.0,1480,3,1971,55,8394,1.75,11.07842257783581,1
645000.0,2690,4,1985,41,18653,2.5,5.3958592514593455,1
1275000.0,3870,3,1997,29,46609,2.5,14.21432326388061,0
230000.0,1390,3,1954,72,6000,1.0,4.605636345922355,1
593000.0,1830,3,2011,15,1850,2.75,1.0,1
558000.0,1580,2,1910,116,5750,2.0,7.19012993281476,1
538250.0,2590,3,1984,42,15229,2.25,15.580469654753271,1
475000.0,2510,5,1977,49,8050,2.5,1.0897667664827422,1
209950.0,1180,3,1968,58,7300,1.5,6.363158166851589,1
410000.0,1450,3,1989,37,19206,2.25,10.76282880522432,0
1636000.0,3110,3,1946,80,6765,2.5,6.722234604968543,1
670000.0,2860,5,1958,68,68519,2.5,18.36441584245278,1
821000.0,2760,3,1967,59,8476,2.75,2.797550909662527,0
665000.0,2800,5,1963,63,17788,2.0,9.255960228820491,1
339000.0,1450,3,2004,22,3748,2.5,3.479308068952221,0
631500.0,2530,4,1910,116,5650,2.0,1.0,1
570000.0,1640,3,1924,102,2808,2.0,9.145376661541192,0
437000.0,2220,3,1967,59,17568,1.75,11.388757459526127,1
542500.0,2040,3,1987,39,10086,2.5,7.172182930553239,1
229500.0,1230,3,1967,59,6000,1.0,6.887224064617108,1
170500.0,1060,2,1981,45,7700,1.0,9.762954038146685,1
391500.0,1920,3,1993,33,9625,2.5,7.598018970334247,0
296475.0,1520,3,2004,22,4170,2.5,8.546052664283943,1
1450000.0,3770,4,1925,101,4103,3.25,4.928153397378449,1
888550.0,3540,3,1989,37,38322,2.5,16.60035121572184,0
1360000.0,5430,4,1987,39,108900,3.0,27.742357177798052,1
328000.0,2250,3,1998,28,7904,2.0,7.162955830817622,1
300000.0,2090,4,2007,19,5195,2.5,2.2288167338639036,1
500000.0,1720,3,2011,15,3012,2.5,6.463267562905126,1
494815.0,1910,3,2014,12,2091,2.5,2.922335247516646,1
378000.0,1601,3,2007,19,2491,2.5,3.583351820414517,0
505000.0,1060,2,2006,20,1209,2.25,2.7956731150516365,1
680000.0,2330,4,2005,21,3920,2.75,2.5852952043023247,1
351999.0,2370,3,2014,12,4200,2.5,12.214314209050885,0
510000.0,1420,3,2014,12,1237,2.5,9.24141718596521,1
1300000.0,2360,4,2013,13,4000,2.25,11.561102506432784,1
374000.0,1260,2,2001,25,1575,1.5,1.6463149413333085,1
509900.0,3030,3,2009,17,9053,2.5,7.024361249732677,1
230000.0,1140,3,2014,12,1201,1.75,1.3596771243877122,1
527700.0,2820,5,1968,58,9375,2.5,4.787915368408807,1
438000.0,1270,2,2000,26,1372,2.0,2.5200190497502755,1
900000.0,3180,3,1978,48,12600,2.5,11.238752019324684,0
1131000.0,2790,3,2006,20,13791,2.25,6.569510965694721,1
439000.0,2570,4,1980,46,9503,2.25,10.105738001082049,0
315000.0,1080,2,1919,107,2674,1.0,7.347162668765554,1
765000.0,3010,4,2004,22,7221,4.0,13.355116256314368,1
332000.0,2120,3,1979,47,14915,2.25,3.544667330580829,1
600000.0,1900,3,1969,57,46609,2.25,18.099499719360395,0
378500.0,2860,3,1990,36,43821,2.5,17.20352261120218,1
190000.0,910,3,1968,58,10575,1.0,4.194863485918896,1
645000.0,2850,4,1987,39,37522,2.5,15.525800009419479,0
780000.0,2560,2,1901,125,2500,2.5,6.5084348890786865,1
370000.0,1570,3,1982,44,16817,1.75,7.680971220139777,0
875000.0,3110,4,1979,47,108464,3.5,24.220993539084,1
1049000.0,4740,4,1991,35,126759,3.75,28.194471645652442,1
479000.0,1340,3,1955,71,13750,1.0,13.899436287357778,0
245000.0,2600,4,1978,48,6390,2.25,6.280048456872448,1
542000.0,1070,3,1966,60,8030,1.75,8.952390004594378,1
557500.0,1820,3,1984,42,9670,2.25,4.561301854997341,1
480000.0,1060,2,1924,102,3040,1.0,3.2684411613350832,0
330000.0,2220,3,1993,33,4060,2.25,9.057954427749827,1
160000.0,1350,3,1942,84,8700,1.0,2.691271365345404,1
695500.0,2510,5,1975,51,9180,2.75,5.590358696284186,1
235500.0,2340,5,1967,59,13713,2.5,7.844682233216695,1
326500.0,1060,3,1968,58,7920,1.0,6.918117805520157,1
300000.0,2200,4,1998,28,8065,2.5,6.07572014495153,1
267000.0,1400,3,1944,82,8100,1.0,7.8074593432877695,1
292600.0,1520,3,1959,67,7123,1.5,8.503167267453435,1
362000.0,1810,5,1998,28,3000,3.0,7.80391263637799,1
1087500.0,2360,2,1997,29,11340,2.0,4.31058857399652,1
357562.0,1210,2,2014,12,1032,1.75,4.353934706213609,0
789900.0,3420,3,1987,39,25150,2.5,13.614288585630813,0
513000.0,1810,3,1992,34,4592,2.5,8.602341562721616,1
336000.0,2760,3,1969,57,10160,2.25,2.9134216455568085,1
560000.0,1950,4,1968,58,9800,2.25,8.014439701056606,1
1150000.0,3830,3,1991,35,48743,2.5,8.81392425187557,1
410000.0,2060,4,1963,63,7283,2.25,6.597404706181109,1
371500.0,1650,3,1954,72,6400,1.0,11.973301050237932,0
368000.0,2100,4,1964,62,11942,1.75,4.544721848193041,1
650000.0,3720,4,2003,23,57499,3.0,13.996830863525254,0
308950.0,1920,4,1994,32,8562,2.5,9.004489344718579,1
440000.0,1860,3,1998,28,217800,2.0,43.93159545437106,0
630000.0,2290,2,2005,21,3507,2.5,3.803134910344882,1
228950.0,1200,3,1968,58,9085,1.75,8.606323412745258,0
782000.0,5270,4,2004,22,53428,3.5,13.782742456931791,1
245000.0,1600,3,1992,34,2788,2.5,4.849690038367085,1
410000.0,2560,4,2006,20,4020,2.5,8.036557130945104,1
427550.0,880,2,1940,86,4000,1.0,7.064638250609684,1
235000.0,1020,2,1939,87,7920,1.0,7.384455188886205,1
210000.0,960,3,1949,77,9380,2.0,5.858633162189883,1
485000.0,1900,4,1977,49,7200,2.25,7.5501833458068655,1
410000.0,1320,3,1920,106,6000,2.0,5.82880195970073,1
435000.0,2230,4,1998,28,9640,2.75,8.301416829777354,1
300000.0,1150,3,1960,66,7314,1.0,4.972003924646065,0
455000.0,3440,4,2002,24,6000,3.5,5.652293076861377,1
210000.0,1070,3,1949,77,8179,1.0,3.665926622343958,0
1050000.0,2250,4,1927,99,3433,2.75,5.581577169981292,1
458400.0,1910,4,1921,105,10300,2.5,4.626997409113466,1
390000.0,1180,3,1967,59,16552,1.75,4.968260649514019,1
148226.0,1400,3,1968,58,7360,1.0,7.247983443566164,1
711600.0,3580,4,1991,35,9316,3.0,7.501419327572981,0
819000.0,3176,3,1985,41,13391,2.75,10.026821204845717,0
613000.0,1170,2,1927,99,1890,2.0,4.084623291274703,1
592350.0,1570,2,2006,20,4665,2.0,7.157158540510267,1
232000.0,1460,3,1966,60,15000,1.5,9.652392716820989,1
250000.0,1140,3,1983,43,10400,1.75,8.414321423494783,1
115000.0,1150,1,1962,64,9812,2.0,4.485438951593573,0
1115000.0,3180,4,1978,48,31931,2.5,11.834290446813565,1
585000.0,2630,4,1999,27,6185,2.5,7.329420888163984,0
580000.0,1940,3,1987,39,5980,2.25,6.2175354007238255,1
165000.0,850,1,1906,120,8050,1.0,1.0,0
430000.0,1550,3,1942,84,6039,2.0,6.68926887192044,0
383000.0,2090,3,1961,65,15000,2.25,14.637593118191727,0
1195000.0,3960,4,2006,20,6654,3.5,5.250682193729052,1
201500.0,1320,3,1912,114,5000,1.0,3.8157687064340364,0
690000.0,3220,4,1991,35,35400,2.5,13.200045679134195,1
325000.0,800,2,1953,73,7260,1.0,7.389134631399715,0
375000.0,1660,3,1976,50,9673,1.75,10.512805496249243,1
600000.0,2250,4,1991,35,11370,2.5,3.5003955322733367,0
340000.0,2120,3,1997,29,13090,2.25,9.812140757724977,0
890000.0,2310,4,1979,47,4020,2.75,7.57526618375439,0
415000.0,1920,4,1970,56,7700,1.75,6.113560389178362,0
255000.0,1550,3,1976,50,9720,1.75,7.96006195376507,1
530000.0,1785,2,1975,51,779,2.5,8.244172444795073,1
468000.0,1830,3,1962,64,9848,1.5,9.58654614008535,1
970000.0,3500,5,1927,99,5040,2.75,2.578942063778814,1
599000.0,2560,3,1987,39,14680,2.0,10.396474560266453,0
399500.0,1360,4,1928,98,4840,1.75,5.773934184902444,1
2458000.0,6500,4,2001,25,14986,5.25,8.215822294046546,1
1205000.0,3150,4,2014,12,5500,3.5,6.319590973005083,1
325000.0,810,2,1941,85,4080,1.0,5.36527103360522,1
1135250.0,7320,5,1992,34,217800,4.0,50.0,1
568000.0,2790,4,1956,70,17476,1.75,8.244046120452364,0
517000.0,1920,2,1912,114,3408,1.5,2.3229616148504935,1
469950.0,2530,4,1997,29,14178,2.75,6.655010432090813,1
1675000.0,3490,3,1939,87,8343,2.5,7.204684150431427,1
2180000.0,4710,6,1931,95,11000,2.75,10.88764435289115,1
623000.0,2050,3,1973,53,16313,1.75,10.0718840548465,1
720000.0,2410,4,1965,61,8400,2.25,4.128394163758868,0
205000.0,1180,3,1967,59,8240,1.0,14.103569750036675,1
148000.0,630,2,1930,96,4200,1.0,6.634325932933939,1
950000.0,3480,3,1941,85,7800,2.5,10.386172213997046,1
405000.0,1010,3,1953,73,7683,1.5,6.081456699268313,0
293000.0,1910,3,2009,17,3481,2.25,7.296277734116348,1
550000.0,2490,3,2005,21,3582,3.5,8.234805513555214,1
435000.0,2150,4,2010,16,3143,2.5,9.283184135262768,1
355000.0,3000,4,2005,21,5470,2.75,9.266104916134676,0
673000.0,2830,3,2012,14,3496,2.75,8.315791000218933,1
449990.0,2680,4,2013,13,5539,2.5,5.162539806417675,1
249000.0,1090,2,1982,44,2686,1.5,3.821961874131816,1
380000.0,1984,4,1962,64,32400,2.5,12.477822530972594,1
760005.0,3090,4,2010,16,5859,2.75,8.971184217023207,0
674600.0,2610,4,2006,20,5140,2.5,5.359837897670179,0
812000.0,3370,4,2007,19,3634,3.5,8.922315897143159,1
333490.0,2250,4,2014,12,3916,2.5,10.141050236458538,0
320000.0,1450,3,2013,13,1387,3.25,2.528437242779741,0
999000.0,3130,4,2013,13,10849,2.5,4.659037888611161,0
810000.0,2700,2,2007,19,8572,2.75,6.293274823283991,1
399950.0,1970,5,1986,40,5400,2.75,7.0028380045675895,1
550000.0,1970,3,1929,97,4166,2.0,4.259498958698847,1
290000.0,1950,3,1959,67,15954,1.5,12.247408036601433,0
232500.0,1940,3,1969,57,9887,1.5,8.249600584555354,1
1355000.0,3550,4,1999,27,11000,3.5,7.318341144722218,1
565000.0,2500,3,1990,36,7394,2.5,2.1710714283944172,1
749950.0,2910,4,1957,69,18700,2.75,4.792552550717479,1
720500.0,3350,4,1985,41,35298,2.5,12.902627750845419,1
507000.0,2140,3,1950,76,40098,1.75,6.621813121535492,0
989000.0,4030,5,2000,26,13474,4.5,10.732712228932215,1
463000.0,1980,4,1974,52,6660,2.5,5.857538466883039,0
310000.0,1460,3,1952,74,9908,1.5,16.7108789087842,1
284000.0,1880,4,1960,66,8800,1.75,13.68374875184833,1
737500.0,2320,3,1935,91,10900,1.75,6.635652792257449,1
569000.0,2220,3,1929,97,8227,3.25,6.326388992406056,1
700000.0,1410,3,1901,125,7200,1.0,9.42674454200609,1
660000.0,1240,3,1927,99,3500,1.0,10.809517829754114,0
275000.0,2030,4,1944,82,8426,2.0,1.7711128276919492,1
570000.0,4000,6,2004,22,6015,3.75,1.0,1
150000.0,490,3,1959,67,38500,0.75,10.833895583336854,1
356000.0,1590,3,2000,26,3411,2.5,7.430412749521593,1
610000.0,2630,3,2001,25,5827,2.5,7.656020771522791,1
498800.0,1350,2,2008,18,4614,1.75,9.132114364951551,0
226550.0,990,3,1943,83,4440,1.0,2.2889074149040756,1
692500.0,3710,4,1999,27,7984,2.75,1.0,1
250000.0,990,3,1960,66,8062,1.0,9.186442585906436,1
660000.0,2510,4,2002,24,4543,2.5,3.424011181104296,1
295000.0,800,2,1953,73,6500,1.0,1.0,1
154950.0,1600,4,1966,60,10183,1.0,7.471791237878145,1
409124.0,3320,5,1999,27,11340,3.25,9.647527064656032,1
287000.0,1730,5,1962,64,9230,1.5,6.479828603636168,1
810000.0,2000,4,1958,68,3988,1.75,4.4240548414525325,0
525000.0,2910,4,1985,41,6308,2.75,5.78351330356228,1
525000.0,1710,4,1955,71,10440,1.75,5.9762517127976515,1
275000.0,1200,3,1954,72,7800,1.0,2.5158586641794987,1
583000.0,2600,3,1998,28,5100,2.5,3.875957969028704,1
237950.0,1460,2,1987,39,7926,1.75,8.149039715041443,0
1065000.0,4260,4,2008,18,9800,3.75,7.9250356241295,1
679000.0,2100,4,1928,98,4480,2.75,6.4001794179004605,0
1465000.0,4230,6,1916,110,6420,4.5,3.2985545544398613,1
410000.0,1660,3,1980,46,6250,1.75,5.7054905135929985,1
306000.0,1450,3,1969,57,7200,1.0,1.0,1
215000.0,1860,4,1920,106,5040,1.5,6.543429991656169,1
594950.0,2720,4,1989,37,10006,2.5,11.2877731234407,1
1250000.0,2920,4,1957,69,5500,2.5,1.677603603873683,1
305000.0,1800,3,1966,60,12196,1.5,5.681416980046734,1
425000.0,1320,2,1939,87,8830,1.0,7.753320336130389,1
215000.0,1770,3,1959,67,29004,1.75,14.55932790328245,1
480000.0,2550,5,1967,59,7725,2.75,5.200326151099551,0
550000.0,2150,4,1966,60,9000,1.75,4.723249012202311,1
750000.0,3020,4,2004,22,7465,2.5,1.0,0
137124.0,960,3,1970,56,27442,1.0,10.798714387924319,0
840000.0,2783,3,1910,116,11177,2.0,13.361628120431233,1
624800.0,2250,3,1964,62,14274,2.0,8.686875385894028,0
630000.0,1710,3,1986,40,8767,1.75,6.68656306244886,1
590000.0,2650,3,1975,51,9380,2.5,7.842246932300956,1
599950.0,1830,3,2014,12,1804,3.25,5.327523988154194,1
299880.0,1460,3,2000,26,3044,2.5,3.169756883219611,1
400000.0,1760,3,1967,59,6875,2.0,8.844839747033117,1
560000.0,1960,3,2002,24,6058,2.5,6.8888845693352625,1
229000.0,2010,4,1979,47,7688,2.25,6.590439755800972,1
525000.0,3670,4,2005,21,9958,2.5,4.06550191816525,1
737000.0,2290,2,2007,19,9772,2.25,10.864923795804277,1
680000.0,1780,3,1925,101,5720,2.0,8.13810823599933,1
635000.0,3080,4,1997,29,35430,2.5,10.427237487898093,1
740000.0,3360,4,1997,29,15091,2.5,11.023674561045812,1
335500.0,1370,3,1930,96,6780,1.0,4.863287484844379,1
270000.0,1660,4,1978,48,8063,2.5,4.266589522466889,1
1037000.0,4440,4,2003,23,10660,3.5,4.852890647559138,0
450000.0,2850,5,1925,101,209523,2.5,41.59139434073573,1
379000.0,1530,3,1986,40,2913,2.5,6.997227141254617,0
468000.0,2100,4,1976,50,8400,2.5,1.1865653649849488,1
321500.0,730,1,2008,18,1942,1.0,1.7030685062027118,0
443000.0,1920,3,1989,37,8223,2.25,1.0,1
340000.0,1600,3,1958,68,7324,1.0,6.206590921627321,1
470000.0,2380,4,1979,47,17199,2.25,7.988838619184384,1
545000.0,2760,3,2002,24,17377,2.5,7.495311360440908,1
415000.0,1840,4,1950,76,11367,1.5,4.145666915988272,1
599000.0,2580,7,1901,125,5750,2.5,2.63329873969008,1
759000.0,2100,4,1975,51,4750,1.75,7.343109590639722,0
300000.0,1820,4,1926,100,5015,1.75,4.351344204874537,1
1681000.0,4830,5,1952,74,18707,5.25,9.690474964608434,1
359000.0,1550,3,1978,48,4980,1.5,3.340253941627333,0
550000.0,1440,4,1924,102,3600,1.0,6.263188228313247,1
395000.0,930,2,1940,86,6380,1.0,10.185834111948191,0
486000.0,3560,4,1988,38,12047,2.5,9.16789740117835,1
187000.0,840,2,1952,74,11600,1.0,6.0827585453505595,0
734950.0,4280,4,2002,24,47179,3.25,15.207396911067782,1
284000.0,1500,3,1957,69,10018,1.5,6.2816044764093615,0
696000.0,3650,4,1996,30,38546,3.5,12.732840554084184,1
380000.0,780,2,1918,108,3910,1.0,4.805166843554489,1
625000.0,1600,4,1946,80,5500,1.0,5.606994382343826,1
252000.0,1120,4,1966,60,8250,1.75,7.286280059222526,1
560000.0,1010,2,1960,66,9219,1.0,3.863723901254148,0
395000.0,1970,4,1961,65,37026,2.75,9.357563519030066,1
900000.0,2230,4,1935,91,4372,2.5,1.7087723385063667,1
2680000.0,4290,5,1985,41,20445,3.0,4.288186686488871,1
625000.0,3160,3,1978,48,76230,1.75,16.594151923338565,1
580000.0,1850,3,1909,117,5100,1.75,6.498387520412387,1
309000.0,1980,3,1963,63,8755,2.25,4.072637453524347,0
412000.0,3360,4,1990,36,9767,3.5,8.494243392693289,1
495000.0,2660,3,1964,62,192099,2.0,43.523941246257685,0
215000.0,1200,3,1967,59,7280,1.0,1.0,1
741500.0,2150,2,2010,16,5760,2.5,8.11692675266507,1
749000.0,2820,3,2008,18,5348,2.75,8.50199593677513,1
659950.0,3510,4,2014,12,9400,2.75,3.89841197549544,1
530000.0,1790,3,2010,16,3078,2.5,6.876174628684975,0
749000.0,2700,4,1910,116,6000,2.75,3.6305052877724036,0
2321000.0,5780,5,2006,20,17004,4.75,8.693811130245006,1
595000.0,3730,4,2013,13,4560,3.25,2.118504779135103,1
487000.0,2540,4,2005,21,5001,2.5,1.0,1
760000.0,3300,4,2014,12,8365,2.25,5.524548431161094,0
1240000.0,5430,5,2007,19,10327,3.5,6.694213161175492,1
435000.0,2550,4,2009,17,5200,2.5,4.846960919156188,0
374950.0,1390,3,2007,19,1484,2.25,1.7447083253323221,1
440000.0,1270,3,2007,19,1413,1.5,4.082902813606589,1
360000.0,2380,4,2005,21,5000,2.5,6.807884257742202,1
879000.0,3360,4,1994,32,22111,2.5,9.28752090963239,1
1550000.0,6070,5,1999,27,171626,4.25,39.87270309179764,1
505000.0,1240,2,1962,64,57000,1.0,14.3896543986373,1
545000.0,2930,2,1980,46,14057,2.0,11.326553744148478,1
600000.0,2410,2,1912,114,102366,2.5,21.944679990335658,0
775000.0,2980,6,1916,110,5000,2.75,7.462680891260156,1
725000.0,1950,2,1919,107,2719,1.75,9.089473278879884,1
610000.0,2600,4,1976,50,36583,2.75,13.759324278246687,1
350000.0,1170,4,1959,67,8147,1.0,6.02182731880551,1
410000.0,1470,3,1953,73,6500,1.0,4.715108860011062,0
639000.0,1840,4,1942,84,5419,2.0,9.192062953138768,0
439000.0,1560,4,1968,58,7500,2.0,2.2310752242149814,0
499950.0,1520,4,1967,59,7700,1.75,3.629627218861069,1
800000.0,2220,3,1914,112,4000,2.75,4.607326703524835,1
350000.0,2800,4,1993,33,9538,2.5,10.620561272535994,1
279000.0,670,2,1942,84,6300,1.0,7.399302908122688,1
290256.0,1720,3,1983,43,7885,2.25,3.672862724469264,1
355000.0,2110,3,1989,37,4038,2.5,4.876676883845289,0
263000.0,1580,3,1993,33,9187,1.75,4.994430567711117,1
880000.0,2640,6,1922,104,3680,2.5,3.6066330232993944,1
426500.0,2700,4,1998,28,6515,2.5,9.239668675670337,1
735000.0,2820,3,2004,22,8159,2.5,2.516570612209483,0
720000.0,3340,4,1999,27,8930,2.5,11.61234256720312,1
265000.0,1530,3,1991,35,6000,2.5,8.684689070553869,1
840000.0,3840,4,1998,28,85728,3.5,25.418185011811097,1
657500.0,2320,3,1956,70,10960,2.0,5.803181463924226,1
850000.0,2310,5,1966,60,13430,2.0,7.236177842762672,1
436110.0,1770,3,2007,19,1235,2.5,1.0,0
589900.0,3160,2,1993,33,66646,3.0,16.755212778799592,1
620000.0,1620,3,1954,72,6630,1.5,7.806964542929453,0
254000.0,1510,4,1955,71,4235,2.0,9.735189185344188,1
375000.0,960,3,1962,64,8106,1.75,3.299729549592645,1
455000.0,1740,4,1958,68,8449,2.25,5.593282189044203,0
445000.0,1470,4,1965,61,8395,2.0,6.225102339302433,1
568500.0,2460,4,1998,28,4200,2.5,1.6526323934225449,1
352500.0,1170,3,1962,64,8182,1.75,8.410447725275201,0
342500.0,1210,2,1982,44,7507,1.75,4.329429004772173,1
299950.0,1870,3,1990,36,7942,2.5,6.002228946468928,0
425000.0,1950,3,2009,17,5689,2.5,4.781951884264368,1
561000.0,2570,4,1990,36,5250,2.5,3.681984482840977,1
455500.0,1460,3,1975,51,10311,2.0,7.041065043558335,1
400000.0,2970,3,1967,59,23100,2.5,8.973171264295933,0
443500.0,2040,4,1994,32,21781,2.5,8.240626353164004,1
1234582.0,3240,5,1939,87,6551,3.25,4.124815134958972,1
370000.0,3150,4,1965,61,67518,2.75,19.462174012348864,0
475000.0,1820,3,1981,45,8008,2.25,11.562451805476854,1
580000.0,2130,4,1980,46,35752,2.5,12.570061698517383,1
518000.0,1430,3,1956,70,8000,1.5,9.588354644733386,1
525000.0,2030,3,1991,35,6970,2.5,2.223334224539612,1
236000.0,2000,4,1997,29,5827,2.75,6.638684317881308,1
278500.0,1940,4,1990,36,6206,2.25,2.9490950430868006,1
205425.0,880,2,1945,81,6780,1.75,1.9252252174042956,0
248000.0,950,3,1954,72,9400,1.0,4.661885777622891,0
505000.0,1670,3,2002,24,1596,2.25,8.89489800324072,0
657500.0,2670,3,1989,37,10496,2.5,9.949247486008936,0
670000.0,2700,3,2003,23,1438,2.5,6.016614166163199,1
202000.0,590,1,1926,100,833,1.0,1.0,0
440000.0,2160,4,1966,60,8119,2.25,6.0349580458361896,0
690000.0,2700,4,2004,22,8810,2.5,7.667100026705207,1
375000.0,3206,6,2012,14,5793,2.25,6.685208688735793,1
291000.0,1560,3,1964,62,9788,1.75,1.4262192495577635,1
230000.0,1400,3,1957,69,6956,1.75,3.720246455940384,1
850000.0,3090,4,2013,13,6744,3.25,6.15656670755385,1
84350.0,2630,4,1953,73,16475,2.0,9.903872728551569,0
12899000.0,2190,3,1956,70,11394,2.5,1.0,1
2110000.0,2100,4,1959,67,9200,1.0,6.353628073560425,0
2199900.0,1120,4,1969,57,5427,1.5,6.514546309636857,1
188000.0,3260,4,1968,58,19542,2.75,11.457235965548639,1
26590000.0,1180,3,1992,34,7793,2.0,8.63717275271231,0
7800.0,780,2,1942,84,16344,1.0,10.016513956426415,0
237227.8571,2200,4,1987,39,9397,2.5,4.479578479894197,1
117833.3333,1340,3,1953,73,306848,1.0,50.0,1
0.0,1490,3,1962,64,10125,1.75,5.845841728815797,1
744312.5,2800,4,1963,63,5900,2.5,9.18489547562568,1
0.0,2600,4,1960,66,5390,2.75,10.258363582573296,1
0.0,3200,6,1953,73,9200,2.75,8.971647306893356,1
0.0,3480,5,1983,43,36615,3.5,13.611022468405203,0
439333.3333,3020,3,1954,72,4082,3.5,6.955318945157896,1
280000.0,1970,3,1967,59,11088,2.25,5.549243759717658,0
0.0,1500,5,1920,106,7112,1.5,6.03221911933914,1
0.0,3680,4,1990,36,18804,4.0,13.768008577478993,1
176225.0,1570,3,1952,74,7200,2.0,3.6123259826243705,1
500324.0,2280,3,2006,20,2289,2.5,10.302136372129553,1
444845.0,1600,3,2013,13,3573,2.5,4.748515536523825,1
330000.0,1680,3,2014,12,1570,3.0,9.290296327285235,1
292285.7143,1890,3,1966,60,13860,1.75,3.551554971507386,1
160000.0,520,2,1951,75,22334,1.0,11.224512603493947,1
274333.3333,1780,3,1988,38,191228,2.25,41.035289592157135,1
537500.0,2920,4,1964,62,33976,3.0,7.549398424227439,1
232333.3333,2430,3,1974,52,73151,2.25,20.285802127232838,1
237333.3333,3010,3,2011,15,1842,2.75,8.396815365787907,0
346750.0,1620,3,1911,115,30736,1.0,8.612375684219511,1
0.0,2200,2,2007,19,188200,2.5,38.1429521186248,0
1020000.0,2950,3,2006,20,78843,2.25,20.493065706995132,1
0.0,2170,4,1960,66,10500,2.25,6.8376940136684565,0
254000.0,1770,3,1959,67,17208,1.5,10.086558882663496,0
238750.0,1830,3,1942,84,8209,1.0,9.490583714093464,0
268971.875,2380,4,1997,29,7066,2.5,6.234954456182518,1
642000.0,2550,4,1964,62,10000,2.5,12.566509944382789,0
571986.1111,3720,3,1982,44,11610,2.5,7.994704233605876,0
0.0,4630,5,2006,20,6324,4.5,5.225520481979301,1
0.0,4430,5,2013,13,9000,4.0,1.9652979226915166,1
554250.0,1490,3,2004,22,1709,2.5,4.553821439051497,1
0.0,5030,4,2008,18,11023,4.5,6.195439163766592,1
0.0,2180,4,1954,72,22870,1.5,12.454914388844411,1
107500.0,1590,4,1966,60,131551,1.5,32.69765087220056,0
300000.0,1510,3,1973,53,7066,2.0,2.875092635102148,1
0.0,4210,4,2006,20,10308,3.5,7.578363159233112,1
540833.3333,1640,3,1977,49,9972,2.0,9.00899351518716,1
274750.0,1840,4,2004,22,1562,2.5,9.8964940781635,1
148612.5,1040,3,1959,67,5000,1.0,8.662511902242178,1
326428.5714,1250,3,1951,75,4800,1.0,8.242539962934433,0
0.0,3690,5,1977,49,12353,3.25,7.650857983845491,1
135333.3333,1530,4,1948,78,7200,1.0,7.604936016270348,1
577437.5,2110,4,2000,26,3750,2.5,9.498514702118477,1
440825.0,2150,3,1956,70,4333,1.75,1.8682678075610508,1
195000.0,5340,5,1912,114,10655,3.75,6.082682018349132,1
257500.0,2420,4,1979,47,7672,1.75,4.216693753731278,1
692000.0,5010,4,1988,38,34460,3.25,13.029459356178371,1
176400.0,910,2,1981,45,9612,1.0,10.613066526952363,0
193000.0,2200,3,1932,94,5000,1.5,4.209077139836778,0
646212.5,3430,4,2013,13,64441,2.5,10.717286897591684,1
268971.875,1860,4,1983,43,6687,2.5,5.100737764926589,0
0.0,3300,4,1926,100,4545,3.75,8.64942119605222,0
317061.875,1280,3,1969,57,10716,1.75,8.75608970884964,0
83300.0,1490,3,1990,36,7770,2.0,7.8385587434317285,1
0.0,2880,5,1990,36,11965,2.25,6.553020094376561,0
266066.6667,1310,4,1945,81,5200,1.0,2.2029077913406407,0
342246.4286,1980,4,1988,38,7403,2.5,8.026482964873402,0
0.0,2000,5,1986,40,7900,2.25,4.077154569896126,1
0.0,1860,3,1954,72,7440,3.0,13.040290200141367,0
0.0,1990,4,1990,36,6180,3.0,7.947521625063548,0
240015.3333,1720,4,1973,53,8300,2.25,4.918055092338147,1
83300.0,1370,3,1964,62,78408,2.0,18.847444257834116,1
316850.0,4060,4,1989,37,35621,3.0,11.845367380159235,0
259585.5714,1960,4,2001,25,9898,2.5,6.261094233934751,1
328211.9048,1720,4,1961,65,9600,2.5,10.270501326589862,1
673476.8182,2740,4,1990,36,12899,2.5,8.13904850923214,1
0.0,1360,4,1955,71,13372,1.0,5.479504783274416,0
425000.0,1870,3,2003,23,5449,2.5,11.761122055467348,1
127160.0,720,2,1942,84,4222,1.0,5.9923249945606685,1
341750.0,2180,3,1986,40,7741,2.25,8.85471902790669,0
178650.0,1430,3,1953,73,8960,1.5,4.967320477665722,0
87500.0,780,2,1948,78,6685,1.0,7.42634688323357,0
282508.8889,1180,3,1946,80,5002,1.0,6.933729973429585,0
450385.7143,1300,3,1993,33,3731,2.0,1.0,0
435000.0,4260,4,2000,26,18000,3.0,14.64582533138192,1
532500.0,2050,2,1950,76,11900,1.75,11.25193338276764,1
408900.0,2930,3,1993,33,19876,1.75,7.783614051562038,1
156766.6667,1500,2,1928,98,4120,1.0,2.5171907786324335,1
452500.0,5960,5,1984,42,13703,3.5,8.783284841410657,1
308830.7692,810,2,1919,107,4800,1.0,6.22009309824319,0
484991.6667,2320,4,2012,14,4344,2.75,6.935806845689688,0
287919.7826,1090,2,1942,84,5000,1.0,6.574732188582269,1
247875.0,1000,2,1942,84,4776,1.0,7.473922967917778,1
309487.5,2260,3,1994,32,19821,2.5,13.30611709817542,1
173666.6667,1290,4,1957,69,5000,1.0,7.704309615385938,1
237481.25,2120,3,1991,35,7560,2.0,3.3630335032701772,1
326983.3333,1490,3,2009,17,4522,2.25,9.992088558137356,0
790000.0,2310,4,2013,13,5100,2.5,10.94184369046486,0
0.0,720,1,1940,86,6000,1.0,15.656170203536256,1
678333.3333,1840,3,1926,100,3035,2.5,2.236517900281206,0
542804.75,2910,5,1977,49,36250,2.75,12.978646039450824,1
723243.75,3270,4,2014,12,12880,2.75,1.3297038904330387,1
667781.25,3040,5,1993,33,10257,2.75,8.710847469137628,1
108333.3333,1200,3,1969,57,9936,1.0,5.342599105499682,1
0.0,2740,5,1925,101,5616,2.75,11.89353738447486,0
535000.0,2290,4,1958,68,5350,2.25,3.7461550899442546,1
596165.4286,2580,4,1950,76,6000,2.0,1.1324508860982148,1
269187.5,1590,3,1926,100,27200,1.75,9.026208777892442,1
148612.5,1040,3,1942,84,6860,1.0,1.0,1
0.0,1300,3,1952,74,6710,1.0,8.59529836352193,1
0.0,2090,5,1998,28,4698,2.5,1.0,1
341166.6667,2670,5,2014,12,3800,2.75,5.8453727435494764,1
132500.0,1540,4,1923,103,115434,1.0,21.85336454043141,1
557125.0,3370,4,1991,35,12447,2.75,6.528506586390074,1
228944.4444,1730,3,1972,54,11325,1.75,12.195134467413602,0
592105.7143,1640,3,1992,34,29970,2.5,12.075943674307386,0
535000.0,2980,4,1935,91,8051,2.25,4.019719185105198,1
420642.8571,1330,3,1969,57,8100,2.0,6.526389533182749,0
132250.0,2192,4,2006,20,12128,2.25,7.47965061613334,1
237227.8571,2068,4,1976,50,7242,2.5,7.866291037530217,1
440825.0,1980,3,1910,116,6250,1.75,2.1494249101575207,1
2560498.333,1710,3,2003,23,1664,2.5,7.110501821541992,1
423050.9259,890,2,1923,103,4590,1.0,1.0,1
1337044.2,4280,4,2005,21,9583,3.5,5.026946342908569,1
315368.7,3080,3,1990,36,12476,2.5,6.030378472645367,1
417985.7143,2070,4,1977,49,7500,2.25,8.399980478213715,1
723243.75,3010,4,2014,12,7215,2.75,6.510892558030607,0
259950.0,2030,4,1976,50,9300,2.0,2.64331083843114,1
0.0,4060,4,2002,24,19290,3.75,5.903020622548955,1
237333.3333,2340,3,1972,54,16500,2.75,8.896040028642222,1
426090.0,2340,3,1995,31,5957,2.5,5.9541979744063305,0
458663.8889,1470,2,1941,85,7137,1.0,4.690027671092761,1
812650.0,3700,4,1988,38,21755,2.5,7.908498631464061,1
135333.3333,1200,4,1944,82,7200,1.0,8.528503991477866,1
0.0,2910,5,1979,47,53898,2.75,14.226522281392356,1
0.0,1910,5,1951,75,7200,2.0,6.17572626791278,1
0.0,2880,3,1950,76,13500,2.5,14.20980976424163,0
0.0,3240,5,2013,13,6863,2.75,2.101552089348231,1
387884.6154,1590,3,1938,88,8219,1.75,1.0882718052760234,1
437500.0,3690,5,2006,20,11928,3.5,9.736368994395821,1
641633.3333,2480,3,2000,26,5137,2.5,3.9914708161176904,1
681965.7813,2683,4,1987,39,40386,2.5,12.122487416772138,1
229629.5,1100,2,1947,79,8281,1.0,4.312730865606658,1
0.0,2080,4,1926,100,3500,1.0,4.9205995776974625,1
210614.2857,2210,3,1966,60,10119,2.5,11.819414336289023,0
790000.0,2420,4,1911,115,4000,3.25,8.206385375854358,1
435500.0,1240,3,2008,18,1666,3.5,7.919870535660931,0
738190.8571,2300,3,1930,96,3060,2.5,1.3633188326220633,1
497333.3333,1760,3,1967,59,12874,1.75,4.121338790341392,1
300000.0,2020,3,1957,69,8555,2.0,1.0,1
1036200.0,2500,4,1926,100,5801,3.25,3.7320575367517375,1
163785.7143,760,2,1947,79,5500,1.0,8.970109559156974,1
351250.0,1580,4,1947,79,5340,1.75,7.618839547245113,1
645325.0,2670,3,2003,23,10481,2.5,6.431660211143628,0
171224.8,1140,3,1943,83,8366,1.0,6.6062991488458405,0
0.0,3870,5,1998,28,8225,3.75,4.578343372273783,1
540000.0,2750,3,1978,48,18029,2.75,9.220076647205353,0
233166.6667,1570,3,1971,55,7000,2.0,8.697634838441845,0
329333.3333,1160,3,1976,50,22470,1.75,4.646339637768581,1
225279.4286,2110,3,1973,53,7665,2.25,7.431943063512044,0
331366.6667,1270,3,2004,22,2509,2.5,8.299104612864003,1
460886.9231,3250,4,2009,17,4500,2.5,4.654699133109892,1
337945.75,940,2,1910,116,9839,1.0,9.069901836361751,1
0.0,2310,4,1968,58,68824,1.5,27.20876333341766,1
243069.2308,1130,3,1958,68,12519,1.0,7.190771621039325,1
0.0,3020,6,1952,74,13783,3.0,8.936521150015972,1
690408.6207,3210,4,1995,31,14910,2.5,5.767828749015825,0
592105.7143,2650,3,1994,32,40705,2.5,13.684753487806152,0
220083.3333,1150,3,1983,43,8079,1.75,7.9966148749469115,0
280000.0,3910,3,1985,41,19023,3.0,9.389127020810415,0
297857.1429,3490,4,2003,23,5000,2.5,2.94091404087343,0
950833.3333,3330,5,1977,49,19126,3.0,9.444285313976353,1
323833.3333,1940,4,1947,79,5753,1.0,10.537187816152912,1
309000.0,1800,3,2011,15,2700,2.5,6.885907293543582,1
248400.0,1880,3,1985,41,11249,1.75,10.135761567215523,0
994500.0,2870,4,1905,121,6280,2.25,5.544964089962117,1
0.0,1960,4,1931,95,11600,2.5,9.569700718271132,0
0.0,1810,4,1959,67,7500,1.0,7.337803514649578,1
0.0,1490,2,1926,100,6770,2.25,3.501267810938304,1
0.0,5230,3,2005,21,17826,4.5,9.520763014396625,0
288500.0,3390,5,1978,48,9760,2.5,3.9769100096790684,1
379509.1667,880,2,1950,76,6413,1.0,4.383959175345625,1
180785.7143,2550,2,1958,68,21675,1.0,9.902984921877124,1
950100.0,3160,4,1965,61,13194,2.5,8.530532820140373,1
0.0,4550,4,2002,24,18641,5.0,5.160502604768614,1
542500.0,3831,5,1959,67,13800,2.75,10.921957313548628,1
362750.0,1240,2,1906,120,3000,1.75,7.316018834901419,0
234975.0,2520,4,1999,27,14021,2.75,5.690014693167348,1
672500.0,2420,4,1973,53,10200,2.25,2.4272456106524745,0
391400.0,1250,4,1959,67,7400,1.75,6.045286262755706,1
0.0,1310,3,1957,69,7300,2.75,5.1221688584165195,0
198995.0,1410,3,1951,75,8053,1.0,6.950021371159068,0
278900.0,990,3,1968,58,9798,1.0,5.8702500165333005,1
171758.3333,1000,3,1991,35,8512,1.0,1.0,0
325187.5,2000,3,1968,58,7560,1.75,5.346959185096525,1
190368.75,1120,2,1944,82,5650,1.0,5.213142666795061,1
375000.0,3370,5,2001,25,7947,3.25,8.490383074322175,1
216000.0,2210,3,2008,18,4000,2.75,3.7054009761668505,0
0.0,2640,5,2001,25,6895,3.5,11.415024020117698,1
360500.0,1150,3,2007,19,887,2.5,1.0,1
677099.5652,2150,4,1997,29,27540,2.5,14.441502493407873,1
405125.0,4230,4,1985,41,31747,2.75,10.676443087365685,0
289987.5,1570,3,1956,70,15330,1.75,10.644754617030667,0
264270.0,1630,3,1978,48,7700,2.5,6.779404452176199,0
602761.0,2770,4,1989,37,10274,2.5,10.473466608076407,1
251555.5556,1750,3,1956,70,7800,1.0,5.397914106341567,0
214750.0,1090,3,1967,59,8160,1.5,3.3361387244665632,1
258125.0,930,2,1924,102,7740,1.0,10.80951286181319,1
0.0,2100,4,1965,61,4857,2.0,5.630958062353576,1
677099.5652,2540,4,1987,39,38677,2.5,13.400075420872632,0
0.0,810,2,1959,67,8424,1.0,10.389055742134385,1
0.0,1520,2,1951,75,8040,1.5,3.512134273716696,1
167500.0,690,1,1928,98,1950,1.0,7.176472692917772,0
471500.0,2370,4,1916,110,3672,3.0,3.964715730611327,1
0.0,3500,4,1951,75,8750,4.25,6.353491933066884,0
464600.0,840,2,1924,102,3400,1.0,5.896836896152866,0
132250.0,1830,4,1991,35,8734,2.25,2.246134415659192,1
433111.1111,1370,3,2005,21,1524,2.25,2.9682888715386957,0
542500.0,2520,5,1960,66,16100,2.75,12.273218677239418,1
0.0,2130,2,1941,85,4920,2.25,8.642573565754386,0
368112.5,2590,4,1991,35,8483,2.5,6.508681268018296,1
673476.8182,1820,4,1987,39,20011,2.5,9.731570375538679,0
558653.8462,1530,3,1928,98,3210,2.5,4.759272483090627,1
0.0,4080,4,1983,43,18362,2.5,12.742150157483946,1
168333.3333,1050,2,1964,62,6600,1.0,5.718942266617509,0
268971.875,1954,4,2005,21,4805,2.5,6.656526276404544,1
318000.0,1530,2,1916,110,3503,1.75,9.138690432426195,1
550607.1429,1660,4,1922,104,4800,2.0,3.6278855454622803,0
1288333.333,3830,6,1919,107,4800,4.5,10.636367553490683,1
584000.0,1490,3,2008,18,1036,1.75,1.0,1
0.0,1520,3,1956,70,9030,1.0,11.694926393338395,0
0.0,8020,5,2001,25,21738,6.25,8.229573248144076,1
245000.0,2470,3,1977,49,7410,3.0,5.753903756524155,1
287919.7826,870,2,1942,84,4600,1.0,1.0,0
672500.0,2110,4,1972,54,12653,2.25,6.166215847866921,1
454790.0,1990,2,1952,74,4000,1.75,2.680580406919347,1
282508.8889,1560,3,1948,78,7552,1.0,4.687460963879582,1
473200.0,1740,3,1920,106,4200,1.5,5.428067102633361,1
406062.5,1290,2,1906,120,4650,1.0,8.803374843418716,0
282766.6667,1700,4,1955,71,8640,2.0,7.350810054201877,0
486445.8333,1880,3,1984,42,10032,1.75,7.929429960203342,0
486895.0,1890,3,1901,125,3330,1.0,2.3794418334633134,1
430277.7778,1620,3,2009,17,1075,2.25,2.5727377311918094,0
229629.5,770,2,1948,78,8149,1.0,12.025975055053935,1
0.0,2890,4,1984,42,18226,2.25,6.43959689571026,1
182805.0,1040,3,1958,68,8892,1.0,11.747024756171886,0
380680.5556,2620,4,1991,35,8331,2.5,5.937016403357401,1
396166.6667,1880,3,1945,81,5752,1.75,6.157263808430512,1
252980.0,2530,4,1993,33,8169,2.5,9.84489548068979,1
289373.3077,2538,3,2013,13,4600,2.5,9.73567726581597,1
210614.2857,1610,3,1994,32,7223,2.5,6.112162319162738,0
308166.6667,1510,3,1954,72,6360,1.75,5.107270839435383,1
534333.3333,1460,3,1983,43,7573,2.5,6.346838654433361,1
416904.1667,3010,3,2009,17,7014,2.5,7.416672584696355,1
203400.0,2090,4,1974,52,6630,2.0,8.999911060609268,1
220600.0,1490,3,1990,36,8102,2.5,6.633089576982455,1
